-- phpMyAdmin SQL Dump
-- version 5.2.0
-- https://www.phpmyadmin.net/
--
-- Host: 127.0.0.1
-- Generation Time: Dec 13, 2022 at 04:59 AM
-- Server version: 10.4.25-MariaDB
-- PHP Version: 8.1.10

SET SQL_MODE = "NO_AUTO_VALUE_ON_ZERO";
START TRANSACTION;
SET time_zone = "+00:00";


/*!40101 SET @OLD_CHARACTER_SET_CLIENT=@@CHARACTER_SET_CLIENT */;
/*!40101 SET @OLD_CHARACTER_SET_RESULTS=@@CHARACTER_SET_RESULTS */;
/*!40101 SET @OLD_COLLATION_CONNECTION=@@COLLATION_CONNECTION */;
/*!40101 SET NAMES utf8mb4 */;

--
-- Database: `socialite`
--

-- --------------------------------------------------------

--
-- Table structure for table `articulos`
--

CREATE TABLE `articulos` (
  `id` bigint(20) UNSIGNED NOT NULL,
  `descripcion` varchar(25) COLLATE utf8mb4_unicode_ci NOT NULL,
  `estado` varchar(1) COLLATE utf8mb4_unicode_ci NOT NULL,
  `created_at` timestamp NULL DEFAULT NULL,
  `updated_at` timestamp NULL DEFAULT NULL
) ENGINE=InnoDB DEFAULT CHARSET=utf8mb4 COLLATE=utf8mb4_unicode_ci;

--
-- Dumping data for table `articulos`
--

INSERT INTO `articulos` (`id`, `descripcion`, `estado`, `created_at`, `updated_at`) VALUES
(1, 'Pantalón Jeans', '1', '2022-02-07 19:08:49', '2022-02-07 19:08:49'),
(2, 'Camisa', '1', '2022-02-07 19:08:49', '2022-02-07 19:08:49'),
(3, 'Calzado casual', '1', '2022-02-07 19:08:49', '2022-02-07 19:08:49'),
(4, 'Auricular', '1', '2022-02-07 19:08:49', '2022-02-07 19:08:49'),
(5, 'Faja', '1', '2022-02-07 19:08:49', '2022-02-07 19:08:49'),
(6, 'Gancho giratorio', '1', '2022-02-07 19:08:49', '2022-02-07 19:08:49'),
(7, 'Mini Ventilador', '1', '2022-02-07 19:08:49', '2022-02-07 19:08:49'),
(8, 'Organizador', '1', '2022-02-07 19:08:49', '2022-02-07 19:08:49'),
(9, 'Pelusas', '1', '2022-02-07 19:08:49', '2022-02-07 19:08:49'),
(10, 'Rodillo Facial', '1', '2022-02-07 19:08:49', '2022-02-07 19:08:49'),
(11, 'Secadora de ropa', '1', '2022-02-07 19:08:49', '2022-02-07 19:08:49'),
(12, 'Soporte Tablet', '1', '2022-02-07 19:08:49', '2022-02-07 19:08:49'),
(13, 'Vaporizador', '1', '2022-02-07 19:08:49', '2022-02-07 19:08:49'),
(14, 'Blanqueador', '1', '2022-02-07 19:08:49', '2022-02-07 19:08:49'),
(15, 'Mascarrilla de carbón', '1', '2022-02-07 19:08:49', '2022-02-07 19:08:49'),
(16, 'Humificador', '1', '2022-02-07 19:08:49', '2022-02-07 19:08:49'),
(17, 'Mascarrilla 24K gold', '1', '2022-02-07 19:08:49', '2022-02-07 19:08:49'),
(18, 'Capsula vitamina E', '1', '2022-02-07 19:08:49', '2022-02-07 19:08:49'),
(19, 'Llave Giratoria De Agua', '1', '2022-02-07 19:08:49', '2022-02-07 19:08:49'),
(20, 'Paleta gigante frozen', '1', '2022-02-07 19:08:49', '2022-02-07 19:08:49'),
(21, 'Tinta labios caramelo', '1', '2022-02-07 19:08:49', '2022-02-07 19:08:49'),
(22, 'Tinta labios helado', '1', '2022-02-07 19:08:49', '2022-02-07 19:08:49'),
(23, 'Samsung A20', '1', '2022-02-07 19:08:49', '2022-02-07 19:08:49'),
(24, 'LG OLED', '1', '2022-02-07 19:08:50', '2022-02-07 19:08:50'),
(25, 'Mascarilla de frutilla', '1', '2022-02-07 19:08:50', '2022-02-07 19:08:50');

-- --------------------------------------------------------

--
-- Table structure for table `cantones`
--

CREATE TABLE `cantones` (
  `id` bigint(20) UNSIGNED NOT NULL,
  `canton_id` int(11) NOT NULL,
  `provincia_id` int(11) NOT NULL,
  `canton` varchar(100) COLLATE utf8mb4_unicode_ci NOT NULL,
  `created_at` timestamp NULL DEFAULT NULL,
  `updated_at` timestamp NULL DEFAULT NULL
) ENGINE=InnoDB DEFAULT CHARSET=utf8mb4 COLLATE=utf8mb4_unicode_ci;

--
-- Dumping data for table `cantones`
--

INSERT INTO `cantones` (`id`, `canton_id`, `provincia_id`, `canton`, `created_at`, `updated_at`) VALUES
(1, 1, 17, 'QUITO', '2022-02-07 19:08:50', '2022-02-07 19:08:50'),
(2, 2, 17, 'CAYAMBE', '2022-02-07 19:08:50', '2022-02-07 19:08:50'),
(3, 3, 17, 'MEJÍA', '2022-02-07 19:08:50', '2022-02-07 19:08:50'),
(4, 4, 17, 'PEDRO MONCAYO', '2022-02-07 19:08:50', '2022-02-07 19:08:50'),
(5, 5, 17, 'PEDRO VICENTE MALDONADO', '2022-02-07 19:08:50', '2022-02-07 19:08:50'),
(6, 6, 17, 'PUERTO QUITO', '2022-02-07 19:08:50', '2022-02-07 19:08:50'),
(7, 7, 17, 'RUMIÑAHUI', '2022-02-07 19:08:50', '2022-02-07 19:08:50'),
(8, 8, 17, 'SAN MIGUEL DE LOS BANCOS', '2022-02-07 19:08:50', '2022-02-07 19:08:50'),
(9, 1, 1, 'CUENCA', '2022-02-07 19:08:50', '2022-02-07 19:08:50'),
(10, 2, 1, 'GIRON', '2022-02-07 19:08:50', '2022-02-07 19:08:50'),
(11, 3, 1, 'GUALACEO', '2022-02-07 19:08:50', '2022-02-07 19:08:50'),
(12, 4, 1, 'NABON', '2022-02-07 19:08:50', '2022-02-07 19:08:50'),
(13, 5, 1, 'PAUTE', '2022-02-07 19:08:50', '2022-02-07 19:08:50'),
(14, 6, 1, 'PUCARA', '2022-02-07 19:08:50', '2022-02-07 19:08:50'),
(15, 7, 1, 'SAN FERNANDO', '2022-02-07 19:08:50', '2022-02-07 19:08:50'),
(16, 8, 1, 'STA. ISABEL', '2022-02-07 19:08:50', '2022-02-07 19:08:50'),
(17, 9, 1, 'SIGSIG', '2022-02-07 19:08:50', '2022-02-07 19:08:50'),
(18, 10, 1, 'OÑA', '2022-02-07 19:08:50', '2022-02-07 19:08:50'),
(19, 11, 1, 'CHORDELEG', '2022-02-07 19:08:50', '2022-02-07 19:08:50'),
(20, 12, 1, 'EL PAN', '2022-02-07 19:08:50', '2022-02-07 19:08:50'),
(21, 13, 1, 'SEVILLA DE ORO', '2022-02-07 19:08:50', '2022-02-07 19:08:50'),
(22, 14, 1, 'GUACHAPALA', '2022-02-07 19:08:50', '2022-02-07 19:08:50'),
(23, 15, 1, 'CAMILO PONCE E.', '2022-02-07 19:08:50', '2022-02-07 19:08:50'),
(24, 1, 2, 'GUARANDA', '2022-02-07 19:08:50', '2022-02-07 19:08:50'),
(25, 2, 2, 'CHILLANES', '2022-02-07 19:08:50', '2022-02-07 19:08:50'),
(26, 3, 2, 'CHIMBO', '2022-02-07 19:08:50', '2022-02-07 19:08:50'),
(27, 4, 2, 'ECHEANDIA', '2022-02-07 19:08:50', '2022-02-07 19:08:50'),
(28, 5, 2, 'SAN MIGUEL', '2022-02-07 19:08:50', '2022-02-07 19:08:50'),
(29, 6, 2, 'CALUMA', '2022-02-07 19:08:50', '2022-02-07 19:08:50'),
(30, 7, 2, 'LAS NAVES', '2022-02-07 19:08:50', '2022-02-07 19:08:50'),
(31, 1, 3, 'AZOGUES', '2022-02-07 19:08:50', '2022-02-07 19:08:50'),
(32, 2, 3, 'BIBLIAN', '2022-02-07 19:08:50', '2022-02-07 19:08:50'),
(33, 3, 3, 'CAÑAR', '2022-02-07 19:08:50', '2022-02-07 19:08:50'),
(34, 4, 3, 'LA TRONCAL', '2022-02-07 19:08:50', '2022-02-07 19:08:50'),
(35, 5, 3, 'TAMBO', '2022-02-07 19:08:50', '2022-02-07 19:08:50'),
(36, 6, 3, 'DELEG', '2022-02-07 19:08:50', '2022-02-07 19:08:50'),
(37, 7, 3, 'SUSCAL', '2022-02-07 19:08:50', '2022-02-07 19:08:50'),
(38, 1, 4, 'TULCAN', '2022-02-07 19:08:50', '2022-02-07 19:08:50'),
(39, 2, 4, 'BOLIVAR', '2022-02-07 19:08:50', '2022-02-07 19:08:50'),
(40, 3, 4, 'ESPEJO', '2022-02-07 19:08:50', '2022-02-07 19:08:50'),
(41, 4, 4, 'MIRA', '2022-02-07 19:08:50', '2022-02-07 19:08:50'),
(42, 5, 4, 'MONTUFAR', '2022-02-07 19:08:50', '2022-02-07 19:08:50'),
(43, 6, 4, 'SAN PEDRO DE HUACA', '2022-02-07 19:08:50', '2022-02-07 19:08:50'),
(44, 1, 5, 'LATACUNGA', '2022-02-07 19:08:50', '2022-02-07 19:08:50'),
(45, 2, 5, 'LA MANA', '2022-02-07 19:08:50', '2022-02-07 19:08:50'),
(46, 3, 5, 'PANGUA', '2022-02-07 19:08:50', '2022-02-07 19:08:50'),
(47, 4, 5, 'PUJILI', '2022-02-07 19:08:50', '2022-02-07 19:08:50'),
(48, 5, 5, 'SALCEDO', '2022-02-07 19:08:50', '2022-02-07 19:08:50'),
(49, 6, 5, 'SAQUISILI', '2022-02-07 19:08:50', '2022-02-07 19:08:50'),
(50, 7, 5, 'SIGCHOS', '2022-02-07 19:08:50', '2022-02-07 19:08:50'),
(51, 1, 6, 'RIOBAMBA', '2022-02-07 19:08:50', '2022-02-07 19:08:50'),
(52, 2, 6, 'ALAUSI', '2022-02-07 19:08:50', '2022-02-07 19:08:50'),
(53, 3, 6, 'COLTA', '2022-02-07 19:08:50', '2022-02-07 19:08:50'),
(54, 4, 6, 'CHAMBO', '2022-02-07 19:08:50', '2022-02-07 19:08:50'),
(55, 5, 6, 'CHUNCHI', '2022-02-07 19:08:50', '2022-02-07 19:08:50'),
(56, 6, 6, 'GUAMOTE', '2022-02-07 19:08:50', '2022-02-07 19:08:50'),
(57, 7, 6, 'GUANO', '2022-02-07 19:08:50', '2022-02-07 19:08:50'),
(58, 8, 6, 'PALLATANGA', '2022-02-07 19:08:50', '2022-02-07 19:08:50'),
(59, 9, 6, 'PENIPE', '2022-02-07 19:08:50', '2022-02-07 19:08:50'),
(60, 10, 6, 'CUMANDA', '2022-02-07 19:08:50', '2022-02-07 19:08:50'),
(61, 1, 7, 'MACHALA', '2022-02-07 19:08:50', '2022-02-07 19:08:50'),
(62, 2, 7, 'ARENILLAS', '2022-02-07 19:08:50', '2022-02-07 19:08:50'),
(63, 3, 7, 'ATAHUALPA', '2022-02-07 19:08:50', '2022-02-07 19:08:50'),
(64, 4, 7, 'BALSAS', '2022-02-07 19:08:50', '2022-02-07 19:08:50'),
(65, 5, 7, 'CHILLA', '2022-02-07 19:08:50', '2022-02-07 19:08:50'),
(66, 6, 7, 'EL GUABO', '2022-02-07 19:08:50', '2022-02-07 19:08:50'),
(67, 7, 7, 'HUAQUILLAS', '2022-02-07 19:08:50', '2022-02-07 19:08:50'),
(68, 8, 7, 'MARCABELI', '2022-02-07 19:08:50', '2022-02-07 19:08:50'),
(69, 9, 7, 'PASAJE', '2022-02-07 19:08:50', '2022-02-07 19:08:50'),
(70, 10, 7, 'PIÑAS', '2022-02-07 19:08:50', '2022-02-07 19:08:50'),
(71, 11, 7, 'PORTOVELO', '2022-02-07 19:08:50', '2022-02-07 19:08:50'),
(72, 12, 7, 'SANTA ROSA', '2022-02-07 19:08:50', '2022-02-07 19:08:50'),
(73, 13, 7, 'ZARUMA', '2022-02-07 19:08:50', '2022-02-07 19:08:50'),
(74, 14, 7, 'LAS LAJAS', '2022-02-07 19:08:50', '2022-02-07 19:08:50'),
(75, 1, 8, 'ESMERALDAS', '2022-02-07 19:08:50', '2022-02-07 19:08:50'),
(76, 2, 8, 'ELOY ALFARO', '2022-02-07 19:08:50', '2022-02-07 19:08:50'),
(77, 3, 8, 'MUISNE', '2022-02-07 19:08:50', '2022-02-07 19:08:50'),
(78, 4, 8, 'QUININDE', '2022-02-07 19:08:50', '2022-02-07 19:08:50'),
(79, 5, 8, 'SAN LORENZO', '2022-02-07 19:08:50', '2022-02-07 19:08:50'),
(80, 6, 8, 'ATACAMES', '2022-02-07 19:08:50', '2022-02-07 19:08:50'),
(81, 7, 8, 'RIOVERDE', '2022-02-07 19:08:50', '2022-02-07 19:08:50'),
(82, 1, 9, 'GUAYAQUIL', '2022-02-07 19:08:50', '2022-02-07 19:08:50'),
(83, 2, 9, 'ALFREDO BAQUERIZO MORENO (JUJAN)', '2022-02-07 19:08:50', '2022-02-07 19:08:50'),
(84, 3, 9, 'BALAO', '2022-02-07 19:08:50', '2022-02-07 19:08:50'),
(85, 4, 9, 'BALZAR', '2022-02-07 19:08:50', '2022-02-07 19:08:50'),
(86, 5, 9, 'COLIMES', '2022-02-07 19:08:50', '2022-02-07 19:08:50'),
(87, 6, 9, 'DAULE', '2022-02-07 19:08:50', '2022-02-07 19:08:50'),
(88, 7, 9, 'DURAN', '2022-02-07 19:08:50', '2022-02-07 19:08:50'),
(89, 8, 9, 'EMPALME', '2022-02-07 19:08:50', '2022-02-07 19:08:50'),
(90, 9, 9, 'TRIUNFO', '2022-02-07 19:08:50', '2022-02-07 19:08:50'),
(91, 10, 9, 'MILAGRO', '2022-02-07 19:08:50', '2022-02-07 19:08:50'),
(92, 11, 9, 'NARANJAL', '2022-02-07 19:08:50', '2022-02-07 19:08:50'),
(93, 12, 9, 'NARANJITO', '2022-02-07 19:08:50', '2022-02-07 19:08:50'),
(94, 13, 9, 'PALESTINA', '2022-02-07 19:08:50', '2022-02-07 19:08:50'),
(95, 14, 9, 'PEDRO CARBO', '2022-02-07 19:08:50', '2022-02-07 19:08:50'),
(96, 15, 9, 'SALINAS', '2022-02-07 19:08:50', '2022-02-07 19:08:50'),
(97, 16, 9, 'SAMBORONDON', '2022-02-07 19:08:50', '2022-02-07 19:08:50'),
(98, 17, 9, 'SANTA ELENA', '2022-02-07 19:08:50', '2022-02-07 19:08:50'),
(99, 18, 9, 'SANTA LUCIA', '2022-02-07 19:08:50', '2022-02-07 19:08:50'),
(100, 19, 9, 'SALITRE', '2022-02-07 19:08:50', '2022-02-07 19:08:50'),
(101, 20, 9, 'SAN JACINTO DE YAGUACHI', '2022-02-07 19:08:50', '2022-02-07 19:08:50'),
(102, 21, 9, 'PLAYAS', '2022-02-07 19:08:50', '2022-02-07 19:08:50'),
(103, 22, 9, 'SIMON BOLIVAR', '2022-02-07 19:08:50', '2022-02-07 19:08:50'),
(104, 23, 9, 'CORONEL MARCELINO MARIDUEÑA', '2022-02-07 19:08:50', '2022-02-07 19:08:50'),
(105, 24, 9, 'CANTON LOMAS DE SARGENTILLO', '2022-02-07 19:08:50', '2022-02-07 19:08:50'),
(106, 25, 9, 'NOBOL', '2022-02-07 19:08:50', '2022-02-07 19:08:50'),
(107, 26, 9, 'LA LIBERTAD', '2022-02-07 19:08:50', '2022-02-07 19:08:50'),
(108, 27, 9, 'GENERAL ANTONIO ELIZALDE', '2022-02-07 19:08:50', '2022-02-07 19:08:50'),
(109, 28, 9, 'ISIDRO AYORA', '2022-02-07 19:08:50', '2022-02-07 19:08:50'),
(110, 1, 10, 'IBARRA', '2022-02-07 19:08:50', '2022-02-07 19:08:50'),
(111, 2, 10, 'GUARANDA', '2022-02-07 19:08:50', '2022-02-07 19:08:50'),
(112, 3, 10, 'ANTONIO ANTE', '2022-02-07 19:08:50', '2022-02-07 19:08:50'),
(113, 4, 10, 'COTACACHI', '2022-02-07 19:08:50', '2022-02-07 19:08:50'),
(114, 5, 10, 'OTAVALO', '2022-02-07 19:08:50', '2022-02-07 19:08:50'),
(115, 6, 10, 'PIMAMPIRO', '2022-02-07 19:08:50', '2022-02-07 19:08:50'),
(116, 7, 10, 'SAN MIGUEL DE URCUQUI', '2022-02-07 19:08:50', '2022-02-07 19:08:50'),
(117, 1, 11, 'LOJA', '2022-02-07 19:08:50', '2022-02-07 19:08:50'),
(118, 2, 11, 'CALVAS', '2022-02-07 19:08:50', '2022-02-07 19:08:50'),
(119, 3, 11, 'CATAMAYO', '2022-02-07 19:08:50', '2022-02-07 19:08:50'),
(120, 4, 11, 'CELICA', '2022-02-07 19:08:50', '2022-02-07 19:08:50'),
(121, 5, 11, 'CHAGUARPAMBA', '2022-02-07 19:08:50', '2022-02-07 19:08:50'),
(122, 6, 11, 'ESPINDOLA', '2022-02-07 19:08:50', '2022-02-07 19:08:50'),
(123, 7, 11, 'GONZANAMA', '2022-02-07 19:08:50', '2022-02-07 19:08:50'),
(124, 8, 11, 'MACARA', '2022-02-07 19:08:50', '2022-02-07 19:08:50'),
(125, 9, 11, 'PALTAS', '2022-02-07 19:08:50', '2022-02-07 19:08:50'),
(126, 10, 11, 'PUYANGO', '2022-02-07 19:08:50', '2022-02-07 19:08:50'),
(127, 11, 11, 'SARAGURO', '2022-02-07 19:08:50', '2022-02-07 19:08:50'),
(128, 12, 11, 'SOZORANGA', '2022-02-07 19:08:50', '2022-02-07 19:08:50'),
(129, 13, 11, 'ZAPOTILLO', '2022-02-07 19:08:50', '2022-02-07 19:08:50'),
(130, 14, 11, 'PINDAL', '2022-02-07 19:08:50', '2022-02-07 19:08:50'),
(131, 15, 11, 'QUILANGA', '2022-02-07 19:08:50', '2022-02-07 19:08:50'),
(132, 16, 11, 'OLMEDO', '2022-02-07 19:08:50', '2022-02-07 19:08:50'),
(133, 1, 12, 'BABAHOYO', '2022-02-07 19:08:50', '2022-02-07 19:08:50'),
(134, 2, 12, 'BABA', '2022-02-07 19:08:50', '2022-02-07 19:08:50'),
(135, 3, 12, 'MONTALVO', '2022-02-07 19:08:50', '2022-02-07 19:08:50'),
(136, 4, 12, 'PUEBLOVIEJO', '2022-02-07 19:08:50', '2022-02-07 19:08:50'),
(137, 5, 12, 'QUEVEDO', '2022-02-07 19:08:50', '2022-02-07 19:08:50'),
(138, 6, 12, 'URDANETA', '2022-02-07 19:08:50', '2022-02-07 19:08:50'),
(139, 7, 12, 'VENTANAS', '2022-02-07 19:08:50', '2022-02-07 19:08:50'),
(140, 8, 12, 'VINCES', '2022-02-07 19:08:50', '2022-02-07 19:08:50'),
(141, 9, 12, 'PALENQUE', '2022-02-07 19:08:50', '2022-02-07 19:08:50'),
(142, 10, 12, 'BUENA FE', '2022-02-07 19:08:50', '2022-02-07 19:08:50'),
(143, 11, 12, 'VALENCIA', '2022-02-07 19:08:50', '2022-02-07 19:08:50'),
(144, 12, 12, 'MOCACHE', '2022-02-07 19:08:50', '2022-02-07 19:08:50'),
(145, 1, 13, 'PORTOVIEJO', '2022-02-07 19:08:50', '2022-02-07 19:08:50'),
(146, 2, 13, 'BOLIVAR', '2022-02-07 19:08:50', '2022-02-07 19:08:50'),
(147, 3, 13, 'CHONE', '2022-02-07 19:08:50', '2022-02-07 19:08:50'),
(148, 4, 13, 'EL CARMEN', '2022-02-07 19:08:50', '2022-02-07 19:08:50'),
(149, 5, 13, 'FLAVIO ALFARO', '2022-02-07 19:08:50', '2022-02-07 19:08:50'),
(150, 6, 13, 'JIPIJAPA', '2022-02-07 19:08:50', '2022-02-07 19:08:50'),
(151, 7, 13, 'JUNIN', '2022-02-07 19:08:50', '2022-02-07 19:08:50'),
(152, 8, 13, 'MANTA', '2022-02-07 19:08:50', '2022-02-07 19:08:50'),
(153, 9, 13, 'MONTECRISTI', '2022-02-07 19:08:50', '2022-02-07 19:08:50'),
(154, 10, 13, 'PAJAN', '2022-02-07 19:08:50', '2022-02-07 19:08:50'),
(155, 11, 13, 'PICHINCHA', '2022-02-07 19:08:50', '2022-02-07 19:08:50'),
(156, 12, 13, 'ROCAFUERTE', '2022-02-07 19:08:50', '2022-02-07 19:08:50'),
(157, 13, 13, 'SANTA ANA', '2022-02-07 19:08:50', '2022-02-07 19:08:50'),
(158, 14, 13, 'SUCRE', '2022-02-07 19:08:50', '2022-02-07 19:08:50'),
(159, 15, 13, 'TOSAGUA', '2022-02-07 19:08:50', '2022-02-07 19:08:50'),
(160, 16, 13, '24 DE MAYO', '2022-02-07 19:08:50', '2022-02-07 19:08:50'),
(161, 17, 13, 'PEDERNALES', '2022-02-07 19:08:50', '2022-02-07 19:08:50'),
(162, 18, 13, 'OLMEDO', '2022-02-07 19:08:50', '2022-02-07 19:08:50'),
(163, 19, 13, 'PUERTO LOPEZ', '2022-02-07 19:08:50', '2022-02-07 19:08:50'),
(164, 20, 13, 'JAMA', '2022-02-07 19:08:50', '2022-02-07 19:08:50'),
(165, 21, 13, 'JARAMIJO', '2022-02-07 19:08:50', '2022-02-07 19:08:50'),
(166, 22, 13, 'SAN VICENTE', '2022-02-07 19:08:50', '2022-02-07 19:08:50'),
(167, 1, 14, 'MORONA', '2022-02-07 19:08:50', '2022-02-07 19:08:50'),
(168, 2, 14, 'GUALAQUIZA', '2022-02-07 19:08:50', '2022-02-07 19:08:50'),
(169, 3, 14, 'LIMON INDANZA', '2022-02-07 19:08:50', '2022-02-07 19:08:50'),
(170, 4, 14, 'PALORA', '2022-02-07 19:08:50', '2022-02-07 19:08:50'),
(171, 5, 14, 'SANTIAGO', '2022-02-07 19:08:50', '2022-02-07 19:08:50'),
(172, 6, 14, 'SUCUA', '2022-02-07 19:08:50', '2022-02-07 19:08:50'),
(173, 7, 14, 'HUAMBOYA', '2022-02-07 19:08:50', '2022-02-07 19:08:50'),
(174, 8, 14, 'SAN JUAN BOSCO', '2022-02-07 19:08:50', '2022-02-07 19:08:50'),
(175, 9, 14, 'TAISHA', '2022-02-07 19:08:50', '2022-02-07 19:08:50'),
(176, 10, 14, 'LOGROÑO', '2022-02-07 19:08:50', '2022-02-07 19:08:50'),
(177, 11, 14, 'PABLO SEXTO', '2022-02-07 19:08:50', '2022-02-07 19:08:50'),
(178, 12, 14, 'TIWINTZA', '2022-02-07 19:08:50', '2022-02-07 19:08:50'),
(179, 1, 15, 'TENA', '2022-02-07 19:08:50', '2022-02-07 19:08:50'),
(180, 2, 15, 'AGUARICO', '2022-02-07 19:08:50', '2022-02-07 19:08:50'),
(181, 3, 15, 'ARCHIDONA', '2022-02-07 19:08:50', '2022-02-07 19:08:50'),
(182, 4, 15, 'EL CHACO', '2022-02-07 19:08:50', '2022-02-07 19:08:50'),
(183, 5, 15, 'LA JOYA DE LOS SACHAS', '2022-02-07 19:08:50', '2022-02-07 19:08:50'),
(184, 6, 15, 'ORELLANA', '2022-02-07 19:08:50', '2022-02-07 19:08:50'),
(185, 7, 15, 'QUIJOS', '2022-02-07 19:08:50', '2022-02-07 19:08:50'),
(186, 8, 15, 'LORETO', '2022-02-07 19:08:50', '2022-02-07 19:08:50'),
(187, 9, 15, 'CARLOS JULIO AROSEMENA TOLA', '2022-02-07 19:08:50', '2022-02-07 19:08:50'),
(188, 1, 16, 'PASTAZA', '2022-02-07 19:08:50', '2022-02-07 19:08:50'),
(189, 2, 16, 'MERA', '2022-02-07 19:08:50', '2022-02-07 19:08:50'),
(190, 3, 16, 'SANTA CLARA', '2022-02-07 19:08:50', '2022-02-07 19:08:50'),
(191, 4, 16, 'ARAJUNO', '2022-02-07 19:08:50', '2022-02-07 19:08:50'),
(192, 1, 18, 'AMBATO', '2022-02-07 19:08:50', '2022-02-07 19:08:50'),
(193, 2, 18, 'BAÑOS DE AGUA SANTA', '2022-02-07 19:08:50', '2022-02-07 19:08:50'),
(194, 3, 18, 'CEVALLOS', '2022-02-07 19:08:50', '2022-02-07 19:08:50'),
(195, 4, 18, 'MOCHA', '2022-02-07 19:08:50', '2022-02-07 19:08:50'),
(196, 5, 18, 'PATATE', '2022-02-07 19:08:50', '2022-02-07 19:08:50'),
(197, 6, 18, 'QUERO', '2022-02-07 19:08:50', '2022-02-07 19:08:50'),
(198, 7, 18, 'SAN PEDRO DE PELILEO', '2022-02-07 19:08:50', '2022-02-07 19:08:50'),
(199, 8, 18, 'SANTIAGO DE PILLARO', '2022-02-07 19:08:50', '2022-02-07 19:08:50'),
(200, 9, 18, 'TISALEO', '2022-02-07 19:08:50', '2022-02-07 19:08:50'),
(201, 1, 19, 'ZAMORA', '2022-02-07 19:08:50', '2022-02-07 19:08:50'),
(202, 2, 19, 'CHINCHIPE', '2022-02-07 19:08:50', '2022-02-07 19:08:50'),
(203, 3, 19, 'NANGARITZA', '2022-02-07 19:08:50', '2022-02-07 19:08:50'),
(204, 4, 19, 'YACUAMBI', '2022-02-07 19:08:50', '2022-02-07 19:08:50'),
(205, 5, 19, 'YANTZAZA (YANZATZA)', '2022-02-07 19:08:50', '2022-02-07 19:08:50'),
(206, 6, 19, 'EL PANGUI', '2022-02-07 19:08:50', '2022-02-07 19:08:50'),
(207, 7, 19, 'CENTILA DEL CONDOR', '2022-02-07 19:08:50', '2022-02-07 19:08:50'),
(208, 8, 19, 'PALANDA', '2022-02-07 19:08:50', '2022-02-07 19:08:50'),
(209, 9, 19, 'PAQUISHA', '2022-02-07 19:08:50', '2022-02-07 19:08:50'),
(210, 1, 20, 'SAN CRISTOBAL', '2022-02-07 19:08:50', '2022-02-07 19:08:50'),
(211, 2, 20, 'ISABELA', '2022-02-07 19:08:50', '2022-02-07 19:08:50'),
(212, 3, 20, 'SANTA CRUZ', '2022-02-07 19:08:50', '2022-02-07 19:08:50'),
(213, 1, 21, 'LAGO AGRIO', '2022-02-07 19:08:50', '2022-02-07 19:08:50'),
(214, 2, 21, 'GONZALO PIZARRO', '2022-02-07 19:08:50', '2022-02-07 19:08:50'),
(215, 3, 21, 'PUTUMAYO', '2022-02-07 19:08:50', '2022-02-07 19:08:50'),
(216, 4, 21, 'SHUSHUFINDI', '2022-02-07 19:08:50', '2022-02-07 19:08:50'),
(217, 5, 21, 'SUCUMBIOS', '2022-02-07 19:08:50', '2022-02-07 19:08:50'),
(218, 6, 21, 'CASCALES', '2022-02-07 19:08:50', '2022-02-07 19:08:50'),
(219, 7, 21, 'CUYABENO', '2022-02-07 19:08:50', '2022-02-07 19:08:50'),
(220, 1, 22, 'ORELLANA', '2022-02-07 19:08:50', '2022-02-07 19:08:50'),
(221, 2, 22, 'AGUARICO', '2022-02-07 19:08:50', '2022-02-07 19:08:50'),
(222, 3, 22, 'LA JOYA DE LOS SACHAS', '2022-02-07 19:08:50', '2022-02-07 19:08:50'),
(223, 4, 22, 'LORETO', '2022-02-07 19:08:50', '2022-02-07 19:08:50');

-- --------------------------------------------------------

--
-- Table structure for table `categorias`
--

CREATE TABLE `categorias` (
  `id` bigint(20) UNSIGNED NOT NULL,
  `descripcion` varchar(20) COLLATE utf8mb4_unicode_ci NOT NULL,
  `estado` varchar(1) COLLATE utf8mb4_unicode_ci NOT NULL,
  `created_at` timestamp NULL DEFAULT NULL,
  `updated_at` timestamp NULL DEFAULT NULL
) ENGINE=InnoDB DEFAULT CHARSET=utf8mb4 COLLATE=utf8mb4_unicode_ci;

--
-- Dumping data for table `categorias`
--

INSERT INTO `categorias` (`id`, `descripcion`, `estado`, `created_at`, `updated_at`) VALUES
(1, 'Ropa', '1', '2022-02-07 19:08:49', '2022-02-07 19:08:49'),
(2, 'Calzado', '1', '2022-02-07 19:08:49', '2022-02-07 19:08:49'),
(3, 'Accesorios', '1', '2022-02-07 19:08:49', '2022-02-07 19:08:49'),
(4, 'Cuidado de la piel', '1', '2022-02-07 19:08:49', '2022-02-07 19:08:49'),
(5, 'Vitamina E', '1', '2022-02-07 19:08:49', '2022-02-07 19:08:49'),
(6, 'Jardinería', '1', '2022-02-07 19:08:49', '2022-02-07 19:08:49'),
(7, 'Maquillaje', '1', '2022-02-07 19:08:49', '2022-02-07 19:08:49'),
(8, 'Teléfono', '1', '2022-02-07 19:08:49', '2022-02-07 19:08:49'),
(9, 'Televisor', '1', '2022-02-07 19:08:49', '2022-02-07 19:08:49');

-- --------------------------------------------------------

--
-- Table structure for table `colors`
--

CREATE TABLE `colors` (
  `id` bigint(20) UNSIGNED NOT NULL,
  `descripcion` varchar(20) COLLATE utf8mb4_unicode_ci NOT NULL,
  `estado` varchar(1) COLLATE utf8mb4_unicode_ci NOT NULL,
  `created_at` timestamp NULL DEFAULT NULL,
  `updated_at` timestamp NULL DEFAULT NULL
) ENGINE=InnoDB DEFAULT CHARSET=utf8mb4 COLLATE=utf8mb4_unicode_ci;

--
-- Dumping data for table `colors`
--

INSERT INTO `colors` (`id`, `descripcion`, `estado`, `created_at`, `updated_at`) VALUES
(1, 'Negro', '1', '2022-02-07 19:08:49', '2022-02-07 19:08:49'),
(2, 'Rojo', '1', '2022-02-07 19:08:49', '2022-02-07 19:08:49'),
(3, 'Amarillo', '1', '2022-02-07 19:08:49', '2022-02-07 19:08:49'),
(4, 'Morado', '1', '2022-02-07 19:08:49', '2022-02-07 19:08:49'),
(5, 'Marrón', '1', '2022-02-07 19:08:49', '2022-02-07 19:08:49'),
(6, 'Rosado', '1', '2022-02-07 19:08:49', '2022-02-07 19:08:49'),
(7, 'Blanco', '1', '2022-02-07 19:08:49', '2022-02-07 19:08:49'),
(8, 'verde', '1', '2022-02-07 19:08:49', '2022-02-07 19:08:49'),
(9, 'Azul', '1', '2022-02-07 19:08:49', '2022-02-07 19:08:49'),
(10, 'No definido', '1', '2022-02-07 19:08:49', '2022-02-07 19:08:49');

-- --------------------------------------------------------

--
-- Table structure for table `comprobantes`
--

CREATE TABLE `comprobantes` (
  `id` bigint(20) UNSIGNED NOT NULL,
  `empresa_id` bigint(20) UNSIGNED NOT NULL,
  `nombre` varchar(255) COLLATE utf8mb4_unicode_ci NOT NULL,
  `codigo` varchar(255) COLLATE utf8mb4_unicode_ci NOT NULL,
  `fechainicio` date NOT NULL,
  `created_at` timestamp NULL DEFAULT NULL,
  `updated_at` timestamp NULL DEFAULT NULL
) ENGINE=InnoDB DEFAULT CHARSET=utf8mb4 COLLATE=utf8mb4_unicode_ci;

--
-- Dumping data for table `comprobantes`
--

INSERT INTO `comprobantes` (`id`, `empresa_id`, `nombre`, `codigo`, `fechainicio`, `created_at`, `updated_at`) VALUES
(1, 1, 'FACTURA', '01', '2022-01-24', '2022-02-07 19:08:50', '2022-02-07 19:08:50');

-- --------------------------------------------------------

--
-- Table structure for table `datos_certificado`
--

CREATE TABLE `datos_certificado` (
  `fechainicio` text COLLATE utf8_spanish_ci NOT NULL,
  `fechafin` varchar(100) COLLATE utf8_spanish_ci NOT NULL,
  `estado` varchar(500) COLLATE utf8_spanish_ci NOT NULL,
  `id` int(2) NOT NULL
) ENGINE=InnoDB DEFAULT CHARSET=utf8 COLLATE=utf8_spanish_ci;

--
-- Dumping data for table `datos_certificado`
--

INSERT INTO `datos_certificado` (`fechainicio`, `fechafin`, `estado`, `id`) VALUES
('2007', '2009', 'Certificado Vigente', 0),
('2007', '2009', 'Certificado Vigente', 0),
('2007', '2023-07-07', 'Certificado Vigente', 0),
('2021-07-07', '2023-07-07', 'Certificado Vigente', 0),
('2021-07-07', '2023-07-07', 'Certificado Vigente', 0),
('2021-07-07', '2023-07-07', 'Certificado Vigente', 0),
('2021-07-07', '2023-07-07', 'Certificado Vigente', 0),
('2021-07-07', '2023-07-07', 'Certificado Vigente', 0),
('2021-07-07', '2023-07-07', 'Certificado Vigente', 0),
('2021-07-07', '2023-07-07', 'Certificado Vigente', 0),
('2021-07-07', '2023-07-07', 'Certificado Vigente', 0),
('2021-07-07', '2023-07-07', 'Certificado Vigente', 0),
('1667884002', '1688743103', '', 0),
('1667884099', '1688743103', '', 0),
('1667884131', '1688743103', '', 0),
('1667884423', '1688743103', 'Certificado Vigente', 0),
('1667884466', '1688743103', 'Certificado Vigente', 0),
('(\"Y-m-d H:i:s\")', '1688743103', 'Certificado Vigente', 0),
('1667885148', '1688743103', 'Certificado Vigente', 0),
('1667885149', '1688743103', 'Certificado Vigente', 0),
('1667885423', '2023-07-07 17:18:23', 'Certificado Vigente', 0),
('2022-11-08 06:32:04', '2023-07-07 17:18:23', 'Certificado Vigente', 0),
('2022-11-08 06:35:21', '2023-07-07 17:18:23', '', 0),
('2022-11-08 06:38:18', '2023-07-07 17:18:23', 'MIIJpjCCB46gAwIBAgIEW2m9jzANBgkqhkiG9w0BAQsFADCBoTELMAkGA1UEBhMC\nRUMxIjAgBgNVBAoTGUJBTkNPIENFTlRSQUwgREVMIEVDVUFET1IxNzA1BgNVBAsT\nLkVOVElEQUQgREUgQ0VSVElGSUNBQ0lPTiBERSBJTkZPUk1BQ0lPTi1FQ0lCQ0Ux\nDjAMBgNVBAcTBVFVSVRPMSUwIwYDVQQDExxBQyBCQU5DTyBDRU5UUkFMIERFTCBF\nQ1VBRE9SMB4XDTIxMDcwNzE0NDgyM1oXDTIzMDcwNzE1MTgyM1owgbAxCzAJBgNV\nBAYTAkVDMSIwIAYDVQQKExlCQU5DTyBDRU5UUkFMIERFTCBFQ1VBRE9SMTcwNQYD\nVQQLEy5FTlRJREFEIERFIENFUlRJRklDQUNJT04gREUgSU5GT1JNQUNJT04tRUNJ\nQkNFMQ4wDAYDVQQHEwVRVUlUTzE0MBEGA1UEBRMKMDAwM', 0),
('2022-11-08 06:39:50', '2023-07-07 17:18:23', 'BANCO CENTRAL DEL ECUADOR', 0),
('2022-11-08 16:13:00', '2023-07-07 17:18:23', 'BANCO CENTRAL DEL ECUADOR', 0),
('2022-11-08 16:52:14', '2023-07-07 17:18:23', 'BANCO CENTRAL DEL ECUADOR', 0),
('2022-11-08 17:15:51', '2023-07-07 17:18:23', 'BANCO CENTRAL DEL ECUADOR', 0),
('2022-11-08 17:17:34', '2023-07-07 17:18:23', 'BANCO CENTRAL DEL ECUADOR', 0),
('2022-11-08 17:17:46', '2023-07-07 17:18:23', 'BANCO CENTRAL DEL ECUADOR', 0),
('2022-11-08 17:19:06', '2023-07-07 17:18:23', 'BANCO CENTRAL DEL ECUADOR', 0),
('2022-11-08 17:19:12', '2023-07-07 17:18:23', 'BANCO CENTRAL DEL ECUADOR', 0),
('2022-11-08 17:20:08', '2023-07-07 17:18:23', 'BANCO CENTRAL DEL ECUADOR', 0),
('2022-11-08 17:21:00', '2023-07-07 17:18:23', 'BANCO CENTRAL DEL ECUADOR', 0),
('2022-11-08 19:52:42', '2023-07-07 17:18:23', 'BANCO CENTRAL DEL ECUADOR', 0),
('2022-11-08 20:19:39', '2023-07-07 17:18:23', 'BANCO CENTRAL DEL ECUADOR', 0),
('2022-11-08 20:25:48', '2023-07-07 17:18:23', 'BANCO CENTRAL DEL ECUADOR', 0),
('2022-11-08 20:29:59', '2023-07-07 17:18:23', 'BANCO CENTRAL DEL ECUADOR', 0),
('2022-11-08 20:33:59', '2023-07-07 17:18:23', 'BANCO CENTRAL DEL ECUADOR', 0),
('2022-11-09 00:39:27', '2023-07-07 17:18:23', 'BANCO CENTRAL DEL ECUADOR', 0),
('2022-11-09 00:44:02', '2023-07-07 17:18:23', 'BANCO CENTRAL DEL ECUADOR', 0),
('2022-11-09 00:45:10', '2023-07-07 17:18:23', 'BANCO CENTRAL DEL ECUADOR', 0),
('2022-11-09 02:04:52', '2023-07-07 17:18:23', 'BANCO CENTRAL DEL ECUADOR', 0),
('2022-11-09 02:06:07', '2023-07-07 17:18:23', 'BANCO CENTRAL DEL ECUADOR', 0),
('2022-11-09 02:06:34', '2023-07-07 17:18:23', 'BANCO CENTRAL DEL ECUADOR', 0),
('2022-11-09 02:09:02', '2023-07-07 17:18:23', 'BANCO CENTRAL DEL ECUADOR', 0),
('2022-11-09 02:30:25', '2023-07-07 17:18:23', 'BANCO CENTRAL DEL ECUADOR', 0),
('2022-11-09 02:31:07', '2023-07-07 17:18:23', 'BANCO CENTRAL DEL ECUADOR', 0),
('2022-11-09 02:48:46', '2023-07-07 17:18:23', 'BANCO CENTRAL DEL ECUADOR', 0),
('2022-11-09 02:50:08', '2023-07-07 17:18:23', 'BANCO CENTRAL DEL ECUADOR', 0),
('2022-11-09 02:50:10', '2023-07-07 17:18:23', 'BANCO CENTRAL DEL ECUADOR', 0),
('2022-11-09 02:50:11', '2023-07-07 17:18:23', 'BANCO CENTRAL DEL ECUADOR', 0),
('2022-11-09 02:50:16', '2023-07-07 17:18:23', 'BANCO CENTRAL DEL ECUADOR', 0),
('2022-11-09 03:00:58', '2023-07-07 17:18:23', 'BANCO CENTRAL DEL ECUADOR', 0),
('2022-11-09 03:11:50', '2023-07-07 17:18:23', 'BANCO CENTRAL DEL ECUADOR', 0),
('2022-11-09 21:34:50', '2023-07-07 17:18:23', 'BANCO CENTRAL DEL ECUADOR', 0),
('2022-11-09 21:35:21', '2023-07-07 17:18:23', 'BANCO CENTRAL DEL ECUADOR', 0),
('2022-11-09 21:35:54', '2023-07-07 17:18:23', 'BANCO CENTRAL DEL ECUADOR', 0),
('2022-11-09 21:37:58', '2023-07-07 17:18:23', 'BANCO CENTRAL DEL ECUADOR', 0),
('2022-11-09 21:38:22', '2023-07-07 17:18:23', 'BANCO CENTRAL DEL ECUADOR', 0),
('2022-11-09 21:38:37', '2023-07-07 17:18:23', 'BANCO CENTRAL DEL ECUADOR', 0),
('2022-11-09 21:38:49', '2023-07-07 17:18:23', 'BANCO CENTRAL DEL ECUADOR', 0),
('2022-11-09 21:40:17', '2023-07-07 17:18:23', 'BANCO CENTRAL DEL ECUADOR', 0),
('2022-11-09 21:41:56', '2023-07-07 17:18:23', 'BANCO CENTRAL DEL ECUADOR', 0),
('2022-11-09 21:41:56', '2023-07-07 17:18:23', 'BANCO CENTRAL DEL ECUADOR', 0),
('2022-11-09 21:41:57', '2023-07-07 17:18:23', 'BANCO CENTRAL DEL ECUADOR', 0),
('2022-11-09 21:41:57', '2023-07-07 17:18:23', 'BANCO CENTRAL DEL ECUADOR', 0),
('2022-11-09 21:41:57', '2023-07-07 17:18:23', 'BANCO CENTRAL DEL ECUADOR', 0),
('2022-11-09 21:41:57', '2023-07-07 17:18:23', 'BANCO CENTRAL DEL ECUADOR', 0),
('2022-11-09 21:41:57', '2023-07-07 17:18:23', 'BANCO CENTRAL DEL ECUADOR', 0),
('2022-11-09 21:42:03', '2023-07-07 17:18:23', 'BANCO CENTRAL DEL ECUADOR', 0),
('2022-11-09 21:42:09', '2023-07-07 17:18:23', 'BANCO CENTRAL DEL ECUADOR', 0),
('2022-11-09 21:42:39', '2023-07-07 17:18:23', 'BANCO CENTRAL DEL ECUADOR', 0),
('2022-11-09 21:43:14', '2023-07-07 17:18:23', 'BANCO CENTRAL DEL ECUADOR', 0),
('2022-11-09 21:43:23', '2023-07-07 17:18:23', 'BANCO CENTRAL DEL ECUADOR', 0),
('2022-11-09 21:43:45', '2023-07-07 17:18:23', 'BANCO CENTRAL DEL ECUADOR', 0),
('2022-11-09 21:43:52', '2023-07-07 17:18:23', 'BANCO CENTRAL DEL ECUADOR', 0),
('2022-11-09 21:44:04', '2023-07-07 17:18:23', 'BANCO CENTRAL DEL ECUADOR', 0),
('2022-11-09 21:44:05', '2023-07-07 17:18:23', 'BANCO CENTRAL DEL ECUADOR', 0),
('2022-11-09 21:44:05', '2023-07-07 17:18:23', 'BANCO CENTRAL DEL ECUADOR', 0),
('2022-11-09 21:44:05', '2023-07-07 17:18:23', 'BANCO CENTRAL DEL ECUADOR', 0),
('2022-11-09 21:44:05', '2023-07-07 17:18:23', 'BANCO CENTRAL DEL ECUADOR', 0),
('2022-11-09 21:44:05', '2023-07-07 17:18:23', 'BANCO CENTRAL DEL ECUADOR', 0),
('2022-11-09 21:44:15', '2023-07-07 17:18:23', 'BANCO CENTRAL DEL ECUADOR', 0),
('2022-11-09 21:44:16', '2023-07-07 17:18:23', 'BANCO CENTRAL DEL ECUADOR', 0),
('2022-11-09 21:44:16', '2023-07-07 17:18:23', 'BANCO CENTRAL DEL ECUADOR', 0),
('2022-11-09 21:44:17', '2023-07-07 17:18:23', 'BANCO CENTRAL DEL ECUADOR', 0),
('2022-11-09 21:44:17', '2023-07-07 17:18:23', 'BANCO CENTRAL DEL ECUADOR', 0),
('2022-11-09 21:44:17', '2023-07-07 17:18:23', 'BANCO CENTRAL DEL ECUADOR', 0),
('2022-11-09 21:44:17', '2023-07-07 17:18:23', 'BANCO CENTRAL DEL ECUADOR', 0),
('2022-11-09 21:44:18', '2023-07-07 17:18:23', 'BANCO CENTRAL DEL ECUADOR', 0),
('2022-11-09 21:44:53', '2023-07-07 17:18:23', 'BANCO CENTRAL DEL ECUADOR', 0),
('2022-11-09 21:53:23', '2023-07-07 17:18:23', 'BANCO CENTRAL DEL ECUADOR', 0),
('2022-11-09 22:03:42', '2023-07-07 17:18:23', 'BANCO CENTRAL DEL ECUADOR', 0),
('2022-11-09 22:05:58', '2023-07-07 17:18:23', 'BANCO CENTRAL DEL ECUADOR', 0),
('2022-11-10 23:49:56', '2023-07-07 17:18:23', 'BANCO CENTRAL DEL ECUADOR', 0),
('2022-11-10 23:53:12', '2023-07-07 17:18:23', 'BANCO CENTRAL DEL ECUADOR', 0),
('2022-11-12 03:44:25', '2023-07-07 17:18:23', 'BANCO CENTRAL DEL ECUADOR', 0),
('2022-11-12 04:28:15', '2023-07-07 17:18:23', 'BANCO CENTRAL DEL ECUADOR', 0),
('2021-07-07', '2023-07-07', 'Certificado Vigente', 0),
('2021-07-07', '2023-07-07', 'Certificado Vigente', 0),
('2021-07-07', '2023-07-07', 'Certificado Vigente', 0),
('2021-07-07', '2023-07-07', 'Certificado Vigente', 0);

-- --------------------------------------------------------

--
-- Table structure for table `datos_facturacion_electronicas`
--

CREATE TABLE `datos_facturacion_electronicas` (
  `id` bigint(20) UNSIGNED NOT NULL,
  `empresa_id` bigint(20) UNSIGNED NOT NULL,
  `contribuyente` varchar(255) COLLATE utf8mb4_unicode_ci NOT NULL,
  `ubicacionarchivop12` varchar(255) COLLATE utf8mb4_unicode_ci NOT NULL,
  `contrasena` varchar(255) COLLATE utf8mb4_unicode_ci NOT NULL,
  `pruebaproduccion` varchar(255) COLLATE utf8mb4_unicode_ci NOT NULL,
  `created_at` timestamp NULL DEFAULT NULL,
  `updated_at` timestamp NULL DEFAULT NULL,
  `estado` varchar(100) COLLATE utf8mb4_unicode_ci NOT NULL,
  `desde` varchar(500) COLLATE utf8mb4_unicode_ci NOT NULL,
  `hasta` varchar(500) COLLATE utf8mb4_unicode_ci NOT NULL,
  `ubicacionruta` varchar(100) COLLATE utf8mb4_unicode_ci NOT NULL
) ENGINE=InnoDB DEFAULT CHARSET=utf8mb4 COLLATE=utf8mb4_unicode_ci;

--
-- Dumping data for table `datos_facturacion_electronicas`
--

INSERT INTO `datos_facturacion_electronicas` (`id`, `empresa_id`, `contribuyente`, `ubicacionarchivop12`, `contrasena`, `pruebaproduccion`, `created_at`, `updated_at`, `estado`, `desde`, `hasta`, `ubicacionruta`) VALUES
(1, 1, 'no', '\\Factura\\lib_firma_sri\\firma\\nelly_maria_cuenca_macas.p12', 'yERAY110', '1', '2022-02-07 19:08:50', '2022-02-07 19:08:50', '', '', '', '');

-- --------------------------------------------------------

--
-- Table structure for table `detalle_envios`
--

CREATE TABLE `detalle_envios` (
  `id` bigint(20) UNSIGNED NOT NULL,
  `envio_id` bigint(20) UNSIGNED NOT NULL,
  `user_id` bigint(20) UNSIGNED NOT NULL,
  `repartidor_id` int(11) NOT NULL,
  `guia` varchar(255) COLLATE utf8mb4_unicode_ci DEFAULT NULL,
  `estado` int(11) NOT NULL,
  `created_at` timestamp NULL DEFAULT NULL,
  `updated_at` timestamp NULL DEFAULT NULL
) ENGINE=InnoDB DEFAULT CHARSET=utf8mb4 COLLATE=utf8mb4_unicode_ci;

-- --------------------------------------------------------

--
-- Table structure for table `detalle_facturas`
--

CREATE TABLE `detalle_facturas` (
  `id` bigint(20) UNSIGNED NOT NULL,
  `producto_id` bigint(20) UNSIGNED NOT NULL,
  `factura_id` bigint(20) UNSIGNED NOT NULL,
  `cantidad` int(11) NOT NULL,
  `preciou` decimal(18,2) NOT NULL,
  `total` decimal(18,2) NOT NULL,
  `created_at` timestamp NULL DEFAULT NULL,
  `updated_at` timestamp NULL DEFAULT NULL
) ENGINE=InnoDB DEFAULT CHARSET=utf8mb4 COLLATE=utf8mb4_unicode_ci;

--
-- Dumping data for table `detalle_facturas`
--

INSERT INTO `detalle_facturas` (`id`, `producto_id`, `factura_id`, `cantidad`, `preciou`, `total`, `created_at`, `updated_at`) VALUES
(1, 7, 1, 1, '24.00', '24.00', '2022-02-08 05:28:20', '2022-02-08 05:28:20'),
(2, 2, 2, 1, '20.00', '20.00', '2022-02-08 05:36:32', '2022-02-08 05:36:32'),
(3, 5, 3, 1, '20.00', '20.00', '2022-02-08 05:39:56', '2022-02-08 05:39:56'),
(4, 10, 4, 1, '16.00', '16.00', '2022-02-08 06:01:50', '2022-02-08 06:01:50'),
(5, 3, 5, 1, '50.00', '50.00', '2022-02-08 06:21:32', '2022-02-08 06:21:32'),
(6, 4, 6, 1, '15.00', '15.00', '2022-02-08 22:39:30', '2022-02-08 22:39:30'),
(7, 6, 7, 1, '4.00', '4.00', '2022-10-25 01:53:41', '2022-10-25 01:53:41'),
(8, 7, 8, 1, '24.00', '24.00', '2022-10-26 00:56:26', '2022-10-26 00:56:26'),
(9, 3, 9, 1, '50.00', '50.00', '2022-10-26 01:17:58', '2022-10-26 01:17:58'),
(10, 7, 10, 1, '24.00', '24.00', '2022-10-26 13:07:38', '2022-10-26 13:07:38'),
(11, 7, 11, 1, '24.00', '24.00', '2022-10-26 13:10:30', '2022-10-26 13:10:30'),
(12, 7, 12, 1, '24.00', '24.00', '2022-10-26 13:17:55', '2022-10-26 13:17:55'),
(13, 6, 13, 1, '4.00', '4.00', '2022-10-27 01:09:41', '2022-10-27 01:09:41'),
(14, 6, 14, 1, '4.00', '4.00', '2022-10-27 01:22:27', '2022-10-27 01:22:27'),
(15, 6, 15, 1, '4.00', '4.00', '2022-10-27 03:42:44', '2022-10-27 03:42:44'),
(16, 6, 16, 1, '4.00', '4.00', '2022-10-27 03:49:06', '2022-10-27 03:49:06'),
(17, 6, 17, 1, '4.00', '4.00', '2022-10-27 03:51:56', '2022-10-27 03:51:56'),
(18, 6, 18, 1, '4.00', '4.00', '2022-10-27 04:38:13', '2022-10-27 04:38:13'),
(19, 7, 19, 1, '24.00', '24.00', '2022-10-27 04:43:31', '2022-10-27 04:43:31'),
(20, 8, 20, 1, '8.00', '8.00', '2022-10-27 04:47:27', '2022-10-27 04:47:27'),
(21, 8, 21, 1, '8.00', '8.00', '2022-10-30 15:03:10', '2022-10-30 15:03:10'),
(22, 2, 21, 1, '20.00', '20.00', '2022-10-30 15:03:10', '2022-10-30 15:03:10'),
(23, 2, 22, 1, '20.00', '20.00', '2022-10-30 15:09:50', '2022-10-30 15:09:50'),
(24, 2, 23, 1, '20.00', '20.00', '2022-10-30 15:31:57', '2022-10-30 15:31:57'),
(25, 2, 24, 1, '20.00', '20.00', '2022-10-31 01:54:47', '2022-10-31 01:54:47'),
(26, 3, 25, 1, '50.00', '50.00', '2022-10-31 02:20:01', '2022-10-31 02:20:01'),
(27, 3, 26, 1, '50.00', '50.00', '2022-10-31 03:40:38', '2022-10-31 03:40:38'),
(28, 3, 27, 1, '50.00', '50.00', '2022-10-31 03:42:25', '2022-10-31 03:42:25'),
(29, 4, 28, 1, '15.00', '15.00', '2022-10-31 03:52:52', '2022-10-31 03:52:52'),
(30, 6, 29, 1, '4.00', '4.00', '2022-11-01 01:49:23', '2022-11-01 01:49:23'),
(31, 7, 30, 1, '24.00', '24.00', '2022-11-01 15:33:15', '2022-11-01 15:33:15'),
(32, 7, 31, 1, '24.00', '24.00', '2022-11-01 15:38:15', '2022-11-01 15:38:15'),
(33, 2, 32, 1, '20.00', '20.00', '2022-11-01 16:36:27', '2022-11-01 16:36:27'),
(34, 7, 33, 1, '24.00', '24.00', '2022-11-05 23:46:14', '2022-11-05 23:46:14'),
(35, 8, 34, 1, '8.00', '8.00', '2022-11-06 03:41:32', '2022-11-06 03:41:32'),
(36, 2, 35, 1, '20.00', '20.00', '2022-11-06 04:52:59', '2022-11-06 04:52:59'),
(37, 7, 36, 1, '24.00', '24.00', '2022-11-06 15:32:52', '2022-11-06 15:32:52'),
(38, 3, 37, 1, '50.00', '50.00', '2022-11-06 15:37:51', '2022-11-06 15:37:51'),
(39, 8, 38, 1, '8.00', '8.00', '2022-11-07 14:56:50', '2022-11-07 14:56:50'),
(40, 7, 39, 1, '24.00', '24.00', '2022-11-08 03:15:42', '2022-11-08 03:15:42'),
(41, 2, 40, 1, '20.00', '20.00', '2022-11-08 03:38:59', '2022-11-08 03:38:59'),
(42, 7, 41, 1, '24.00', '24.00', '2022-11-08 19:24:41', '2022-11-08 19:24:41'),
(43, 7, 42, 1, '24.00', '24.00', '2022-11-08 23:42:52', '2022-11-08 23:42:52'),
(44, 7, 43, 1, '24.00', '24.00', '2022-11-09 20:52:08', '2022-11-09 20:52:08'),
(45, 5, 43, 1, '20.00', '20.00', '2022-11-09 20:52:08', '2022-11-09 20:52:08'),
(46, 4, 43, 2, '15.00', '30.00', '2022-11-09 20:52:08', '2022-11-09 20:52:08'),
(47, 10, 44, 1, '16.00', '16.00', '2022-11-09 21:01:09', '2022-11-09 21:01:09'),
(48, 10, 45, 1, '16.00', '16.00', '2022-11-12 03:26:47', '2022-11-12 03:26:47'),
(49, 2, 46, 4, '20.00', '80.00', '2022-11-12 04:09:51', '2022-11-12 04:09:51');

-- --------------------------------------------------------

--
-- Table structure for table `documentos_facturacion_electronicas`
--

CREATE TABLE `documentos_facturacion_electronicas` (
  `id` bigint(20) UNSIGNED NOT NULL,
  `empresa_id` bigint(20) UNSIGNED NOT NULL,
  `estado` varchar(255) COLLATE utf8mb4_unicode_ci NOT NULL,
  `ambiente` varchar(255) COLLATE utf8mb4_unicode_ci DEFAULT NULL,
  `numeroautorizacion` varchar(255) COLLATE utf8mb4_unicode_ci DEFAULT NULL,
  `fechaautorizacion` varchar(255) COLLATE utf8mb4_unicode_ci DEFAULT NULL,
  `identificador` varchar(255) COLLATE utf8mb4_unicode_ci DEFAULT NULL,
  `mensaje` varchar(455) COLLATE utf8mb4_unicode_ci DEFAULT NULL,
  `informacionadicional` varchar(255) COLLATE utf8mb4_unicode_ci DEFAULT NULL,
  `tipo` varchar(255) COLLATE utf8mb4_unicode_ci DEFAULT NULL,
  `created_at` timestamp NULL DEFAULT NULL,
  `updated_at` timestamp NULL DEFAULT NULL
) ENGINE=InnoDB DEFAULT CHARSET=utf8mb4 COLLATE=utf8mb4_unicode_ci;

-- --------------------------------------------------------

--
-- Table structure for table `empresas`
--

CREATE TABLE `empresas` (
  `id` bigint(20) UNSIGNED NOT NULL,
  `razonsocial` varchar(255) COLLATE utf8mb4_unicode_ci NOT NULL,
  `nombre` varchar(255) COLLATE utf8mb4_unicode_ci NOT NULL,
  `direccion` varchar(255) COLLATE utf8mb4_unicode_ci NOT NULL,
  `lugar` varchar(255) COLLATE utf8mb4_unicode_ci NOT NULL,
  `telefono` varchar(255) COLLATE utf8mb4_unicode_ci NOT NULL,
  `celular` varchar(255) COLLATE utf8mb4_unicode_ci NOT NULL,
  `correo` varchar(255) COLLATE utf8mb4_unicode_ci NOT NULL,
  `ruc` varchar(255) COLLATE utf8mb4_unicode_ci NOT NULL,
  `contribuyente` varchar(255) COLLATE utf8mb4_unicode_ci NOT NULL,
  `contabilidad` varchar(255) COLLATE utf8mb4_unicode_ci NOT NULL,
  `logo` varchar(255) COLLATE utf8mb4_unicode_ci NOT NULL,
  `created_at` timestamp NULL DEFAULT NULL,
  `updated_at` timestamp NULL DEFAULT NULL
) ENGINE=InnoDB DEFAULT CHARSET=utf8mb4 COLLATE=utf8mb4_unicode_ci;

--
-- Dumping data for table `empresas`
--

INSERT INTO `empresas` (`id`, `razonsocial`, `nombre`, `direccion`, `lugar`, `telefono`, `celular`, `correo`, `ruc`, `contribuyente`, `contabilidad`, `logo`, `created_at`, `updated_at`) VALUES
(1, 'CUENCA MACAS NELLY MARIA', 'CUENCA MACAS NELLY MARIA', 'PICHINCHA / QUITO / QUITUMBE / E9 S40-157 Y S41', 'Quito', '022787294', '0984243670', 'bacoth@gmail.com', '1104257033001', '0000', 'NO', '\\images\\perfil\\3XNPo0Ro8ykE.jpg', '2022-02-07 19:08:50', '2022-02-07 19:08:50');

-- --------------------------------------------------------

--
-- Table structure for table `envios`
--

CREATE TABLE `envios` (
  `id` bigint(20) UNSIGNED NOT NULL,
  `factura_id` bigint(20) UNSIGNED NOT NULL,
  `nombres` varchar(255) COLLATE utf8mb4_unicode_ci NOT NULL,
  `apellidos` varchar(255) COLLATE utf8mb4_unicode_ci NOT NULL,
  `cedula` varchar(255) COLLATE utf8mb4_unicode_ci NOT NULL,
  `canton` varchar(255) COLLATE utf8mb4_unicode_ci NOT NULL,
  `parroquia` varchar(255) COLLATE utf8mb4_unicode_ci NOT NULL,
  `referencia` varchar(255) COLLATE utf8mb4_unicode_ci NOT NULL,
  `telefono` varchar(255) COLLATE utf8mb4_unicode_ci NOT NULL,
  `ciudad` varchar(255) COLLATE utf8mb4_unicode_ci NOT NULL,
  `logistica_id` int(11) DEFAULT NULL,
  `estado` int(11) NOT NULL,
  `created_at` timestamp NULL DEFAULT NULL,
  `updated_at` timestamp NULL DEFAULT NULL
) ENGINE=InnoDB DEFAULT CHARSET=utf8mb4 COLLATE=utf8mb4_unicode_ci;

--
-- Dumping data for table `envios`
--

INSERT INTO `envios` (`id`, `factura_id`, `nombres`, `apellidos`, `cedula`, `canton`, `parroquia`, `referencia`, `telefono`, `ciudad`, `logistica_id`, `estado`, `created_at`, `updated_at`) VALUES
(1, 1, 'Juan Catagña', 'Catagña', '1717822082', 'NABON', 'COCHAPATA', '4 cuadras del parque central', '0984243670', 'AZUAY', NULL, 2, '2022-02-08 05:28:20', '2022-02-08 05:28:20'),
(2, 2, 'Juan Catagña', 'Catagña', '1717822082', 'QUITO', 'CHILLOGALLO', '4 cuadras del parque central', '0984243670', 'PICHINCHA', NULL, 2, '2022-02-08 05:36:32', '2022-02-08 05:36:32'),
(3, 3, 'Juan Catagña', 'Catagña', '1717822082', 'MERA', 'SHELL', '4 cuadras del parque central', '0984243670', 'PASTAZA', NULL, 2, '2022-02-08 05:39:56', '2022-02-08 05:39:56'),
(4, 4, 'Juan', 'Catagña', '1717822082', 'MONTUFAR', 'GONZALEZ SUAREZ', '4 cuadras del parque central', '0984243670', 'CARCHI', NULL, 2, '2022-02-08 06:01:50', '2022-02-08 06:01:50'),
(5, 5, 'Juan', 'Catagña', '1717822082', 'QUITO', 'CARCELEN', '4 cuadras del parque central', '0984243670', 'PICHINCHA', NULL, 2, '2022-02-08 06:21:32', '2022-02-08 06:21:32'),
(6, 6, 'María Mercedes', 'Chiquito', '1313929828', 'JIPIJAPA', 'SAN LORENZO DE JIPIJAPA', 'parque central', '0961328741', 'MANABI', NULL, 2, '2022-02-08 22:39:30', '2022-02-08 22:39:30'),
(7, 7, 'Juan', 'Catagña', '1717822082', 'QUITO', 'LA VICENTINA', 'weqwew', '0984243670', 'PICHINCHA', NULL, 2, '2022-10-25 01:53:41', '2022-10-25 01:53:41'),
(8, 8, 'Juan', 'Catagña', '1717822082', 'CAÑAR', 'CHOROCOPTE', 'weqwew', '0984243670', 'CAÑAR', NULL, 2, '2022-10-26 00:56:26', '2022-10-26 00:56:26'),
(9, 9, 'Juan', 'Catagña', '1717822082', 'CHILLANES', 'CHILLANES', 'weqwew', '0984243670', 'BOLÍVAR', NULL, 2, '2022-10-26 01:17:58', '2022-10-26 01:17:58'),
(10, 10, 'Juan', 'Catagña', '1717822082', 'CAÑAR', 'VENTURA', 'weqwew', '0984243670', 'CAÑAR', NULL, 2, '2022-10-26 13:07:38', '2022-10-26 13:07:38'),
(11, 11, 'Juan', 'Catagña', '1717822082', 'NABON', 'EL PROGRESO', 'weqwew', '0984243670', 'AZUAY', NULL, 2, '2022-10-26 13:10:30', '2022-10-26 13:10:30'),
(12, 12, 'Juan', 'Catagña', '1717822082', 'CAÑAR', 'SAN ANTONIO', 'weqwew', '0984243670', 'CAÑAR', NULL, 2, '2022-10-26 13:17:55', '2022-10-26 13:17:55'),
(13, 13, 'Juan', 'Catagña', '1717822082', 'PALESTINA', 'PALESTINA', 'weqwew', '0984243670', 'GUAYAS', NULL, 2, '2022-10-27 01:09:41', '2022-10-27 01:09:41'),
(14, 14, 'Juan', 'Catagña', '1717822082', 'CAÑAR', 'DUCUR', 'weqwew', '0984243670', 'CAÑAR', NULL, 2, '2022-10-27 01:22:27', '2022-10-27 01:22:27'),
(15, 15, 'Juan', 'Catagña', '1717822082', 'LOGROÑO', 'LOGROÑO', 'weqwew', '0984243670', 'MORONA SANTIAGO', NULL, 2, '2022-10-27 03:42:44', '2022-10-27 03:42:44'),
(16, 16, 'Juan', 'Catagña', '1717822082', 'CHILLANES', 'SAN JOSE DEL TAMBO', 'weqwew', '0984243670', 'BOLÍVAR', NULL, 2, '2022-10-27 03:49:06', '2022-10-27 03:49:06'),
(17, 17, 'Juan', 'Catagña', '1717822082', 'CHILLANES', 'CHILLANES', 'weqwew', '0984243670', 'BOLÍVAR', NULL, 2, '2022-10-27 03:51:56', '2022-10-27 03:51:56'),
(18, 18, 'Juan', 'Catagña', '1717822082', 'BIBLIAN', 'NAZON', 'weqwew', '0984243670', 'CAÑAR', NULL, 2, '2022-10-27 04:38:13', '2022-10-27 04:38:13'),
(19, 19, 'Juan', 'Catagña', '1717822082', 'CHIMBO', 'ASUNCION', 'weqwew', '0984243670', 'BOLÍVAR', NULL, 2, '2022-10-27 04:43:31', '2022-10-27 04:43:31'),
(20, 20, 'Juan', 'Catagña', '1717822082', 'CHIMBO', 'CALUMA', 'weqwew', '0984243670', 'BOLÍVAR', NULL, 2, '2022-10-27 04:47:27', '2022-10-27 04:47:27'),
(21, 21, 'Juan', 'Catagña', '1717822082', 'CHILLANES', 'SAN JOSE DEL TAMBO', 'weqwew', '0984243670', 'BOLÍVAR', NULL, 2, '2022-10-30 15:03:10', '2022-10-30 15:03:10'),
(22, 22, 'Juan', 'Catagña', '1717822082', 'AMBATO', 'PICAIGUA', 'weqwew', '0984243670', 'TUNGURAHUA', NULL, 2, '2022-10-30 15:09:50', '2022-10-30 15:09:50'),
(23, 23, 'Juan', 'Catagña', '1717822082', 'PASAJE', 'BOLIVAR', 'weqwew', '0984243670', 'EL ORO', NULL, 2, '2022-10-30 15:31:57', '2022-10-30 15:31:57'),
(24, 24, 'Juan', 'Catagña', '1717822082', 'QUITO', 'BENALCAZAR', 'weqwew', '0984243670', 'PICHINCHA', NULL, 2, '2022-10-31 01:54:47', '2022-10-31 01:54:47'),
(25, 25, 'Juan', 'Catagña', '1717822082', 'CUENCA', 'BELLAVISTA', 'weqwew', '0984243670', 'AZUAY', NULL, 2, '2022-10-31 02:20:01', '2022-10-31 02:20:01'),
(26, 26, 'Juan', 'Catagña', '1717822082', 'QUITO', 'BENALCAZAR', 'weqwew', '0984243670', 'PICHINCHA', NULL, 2, '2022-10-31 03:40:38', '2022-10-31 03:40:38'),
(27, 27, 'Juan', 'Catagña', '1717822082', 'QUITO', 'BENALCAZAR', 'weqwew', '0984243670', 'PICHINCHA', NULL, 2, '2022-10-31 03:42:25', '2022-10-31 03:42:25'),
(28, 28, 'Juan', 'Catagña', '1717822082', 'CAYAMBE', 'JUAN MONTALVO', 'weqwew', '0984243670', 'PICHINCHA', NULL, 2, '2022-10-31 03:52:52', '2022-10-31 03:52:52'),
(29, 29, 'Juan', 'Catagña', '1717822082', 'CHIMBO', 'ASUNCION', 'weqwew', '0984243670', 'BOLÍVAR', NULL, 2, '2022-11-01 01:49:23', '2022-11-01 01:49:23'),
(30, 30, 'Juan', 'Catagña', '1717822082', 'QUITO', 'VILLA FLORA', 'weqwew', '0984243670', 'PICHINCHA', NULL, 2, '2022-11-01 15:33:15', '2022-11-01 15:33:15'),
(31, 31, 'Juan', 'Catagña', '1717822082', 'QUITO', 'VILLA FLORA', 'weqwew', '0984243670', 'PICHINCHA', NULL, 2, '2022-11-01 15:38:15', '2022-11-01 15:38:15'),
(32, 32, 'Juan', 'Catagña', '1717822082', 'CHILLANES', 'SAN JOSE DEL TAMBO', 'weqwew', '0984243670', 'BOLÍVAR', NULL, 2, '2022-11-01 16:36:27', '2022-11-01 16:36:27'),
(33, 33, 'Juan', 'Catagña', '1717822082', 'MEJÍA', 'CUTUGLAGUA ', 'weqwew', '0984243670', 'PICHINCHA', NULL, 2, '2022-11-05 23:46:14', '2022-11-05 23:46:14'),
(34, 34, 'Juan', 'Catagña', '1717822082', 'BAÑOS DE AGUA SANTA', 'RIO NEGRO', 'weqwew', '0984243670', 'TUNGURAHUA', NULL, 2, '2022-11-06 03:41:32', '2022-11-06 03:41:32'),
(35, 35, 'Juan', 'Catagña', '1717822082', 'CAYAMBE', 'AYORA ', 'weqwew', '0984243670', 'PICHINCHA', NULL, 2, '2022-11-06 04:52:59', '2022-11-06 04:52:59'),
(36, 36, 'Juan', 'Catagña', '1717822082', 'GIRON', 'ASUNCION', 'weqwew', '0984243670', 'AZUAY', NULL, 2, '2022-11-06 15:32:52', '2022-11-06 15:32:52'),
(37, 37, 'Juan', 'Catagña', '1717822082', 'GIRON', 'ASUNCION', 'weqwew', '0984243670', 'AZUAY', NULL, 2, '2022-11-06 15:37:51', '2022-11-06 15:37:51'),
(38, 38, 'Juan', 'Catagña', '1717822082', 'NABON', 'COCHAPATA', 'weqwew', '0984243670', 'AZUAY', NULL, 2, '2022-11-07 14:56:50', '2022-11-07 14:56:50'),
(39, 39, 'Juan', 'Catagña', '1717822082', 'CHILLANES', 'SAN JOSE DEL TAMBO', 'weqwew', '0984243670', 'BOLÍVAR', NULL, 2, '2022-11-08 03:15:42', '2022-11-08 03:15:42'),
(40, 40, 'Juan', 'Catagña', '1717822082', 'NABON', 'COCHAPATA', 'weqwew', '0984243670', 'AZUAY', NULL, 2, '2022-11-08 03:38:59', '2022-11-08 03:38:59'),
(41, 41, 'Juan', 'Catagña', '1717822082', 'GIRON', 'GIRON', 'weqwew', '0984243670', 'AZUAY', NULL, 2, '2022-11-08 19:24:41', '2022-11-08 19:24:41'),
(42, 42, 'Juan', 'Catagña', '1717822082', 'CHAGUARPAMBA', 'EL ROSARIO', 'weqwew', '0984243670', 'LOJA', NULL, 2, '2022-11-08 23:42:52', '2022-11-08 23:42:52'),
(43, 43, 'Juan', 'Catagña', '1717822082', 'GUALACEO', 'DANIEL CORDOVA TORAL', 'weqwew', '0984243670', 'AZUAY', NULL, 2, '2022-11-09 20:52:08', '2022-11-09 20:52:08'),
(44, 44, 'Juan', 'Catagña', '1717822082', 'CUENCA', 'CHECA (JIDCAY)', 'weqwew', '0984243670', 'AZUAY', NULL, 2, '2022-11-09 21:01:09', '2022-11-09 21:01:09'),
(45, 45, 'Juan', 'Catagña', '1717822082', 'PUERTO QUITO', 'PUERTO QUITO', 'weqwew', '0984243670', 'PICHINCHA', NULL, 2, '2022-11-12 03:26:47', '2022-11-12 03:26:47'),
(46, 46, 'Juan', 'Catagña', '1717822082', 'GIRON', 'GIRON', 'weqwew', '0984243670', 'AZUAY', NULL, 2, '2022-11-12 04:09:51', '2022-11-12 04:09:51');

-- --------------------------------------------------------

--
-- Table structure for table `estado_compras`
--

CREATE TABLE `estado_compras` (
  `id` bigint(20) UNSIGNED NOT NULL,
  `descripcion` varchar(255) COLLATE utf8mb4_unicode_ci NOT NULL,
  `created_at` timestamp NULL DEFAULT NULL,
  `updated_at` timestamp NULL DEFAULT NULL
) ENGINE=InnoDB DEFAULT CHARSET=utf8mb4 COLLATE=utf8mb4_unicode_ci;

--
-- Dumping data for table `estado_compras`
--

INSERT INTO `estado_compras` (`id`, `descripcion`, `created_at`, `updated_at`) VALUES
(1, 'Pagado', '2022-02-07 19:08:50', '2022-02-07 19:08:50'),
(2, 'Pendiente', '2022-02-07 19:08:50', '2022-02-07 19:08:50');

-- --------------------------------------------------------

--
-- Table structure for table `facturas`
--

CREATE TABLE `facturas` (
  `id` bigint(20) UNSIGNED NOT NULL,
  `user_id` bigint(20) UNSIGNED NOT NULL,
  `comprobante_id` bigint(20) UNSIGNED NOT NULL,
  `modalidad_pago_id` bigint(20) UNSIGNED NOT NULL,
  `metodo_envio_id` bigint(20) UNSIGNED NOT NULL,
  `estado_compra_id` bigint(20) UNSIGNED NOT NULL,
  `fecha_emision` datetime NOT NULL,
  `claveacceso` varchar(255) COLLATE utf8mb4_unicode_ci NOT NULL,
  `serie` varchar(255) COLLATE utf8mb4_unicode_ci NOT NULL,
  `iva` decimal(18,2) NOT NULL,
  `total` decimal(18,2) NOT NULL,
  `created_at` timestamp NULL DEFAULT NULL,
  `updated_at` timestamp NULL DEFAULT NULL
) ENGINE=InnoDB DEFAULT CHARSET=utf8mb4 COLLATE=utf8mb4_unicode_ci;

--
-- Dumping data for table `facturas`
--

INSERT INTO `facturas` (`id`, `user_id`, `comprobante_id`, `modalidad_pago_id`, `metodo_envio_id`, `estado_compra_id`, `fecha_emision`, `claveacceso`, `serie`, `iva`, `total`, `created_at`, `updated_at`) VALUES
(1, 2, 1, 1, 2, 1, '2022-02-07 00:00:00', '0702202201110425703300110030010000003297188724415', '003001000000329', '2.88', '24.00', '2022-02-08 05:28:20', '2022-02-08 05:28:20'),
(2, 2, 1, 1, 1, 1, '2022-02-07 00:00:00', '0702202201110425703300110030010000003302678093212', '003001000000330', '2.40', '20.00', '2022-02-08 05:36:32', '2022-02-08 05:36:32'),
(3, 2, 1, 1, 2, 1, '2022-02-07 00:00:00', '0702202201110425703300110030010000003319956515018', '003001000000331', '2.40', '20.00', '2022-02-08 05:39:56', '2022-02-08 05:39:56'),
(4, 2, 1, 1, 2, 1, '2022-02-08 00:00:00', '0802202201110425703300110030010000003327139021612', '003001000000332', '1.92', '16.00', '2022-02-08 06:01:50', '2022-02-08 06:01:50'),
(5, 2, 1, 2, 1, 1, '2022-02-08 00:00:00', '0802202201110425703300110030010000003339862865711', '003001000000333', '6.00', '50.00', '2022-02-08 06:21:32', '2022-02-08 06:31:46'),
(6, 3, 1, 1, 2, 1, '2022-02-08 00:00:00', '0802202201110425703300110030010000003343951563017', '003001000000334', '1.80', '15.00', '2022-02-08 22:39:30', '2022-02-08 22:39:30'),
(7, 2, 1, 1, 1, 1, '2022-10-24 00:00:00', '2410202201110425703300110030010000003355364586411', '003001000000335', '0.48', '4.00', '2022-10-25 01:53:41', '2022-10-25 01:53:41'),
(8, 2, 1, 1, 2, 1, '2022-10-25 00:00:00', '2510202201110425703300110030010000003369848483817', '003001000000336', '2.88', '24.00', '2022-10-26 00:56:26', '2022-10-26 00:56:26'),
(9, 2, 1, 1, 2, 1, '2022-10-25 00:00:00', '2510202201110425703300110030010000003379175766019', '003001000000337', '6.00', '50.00', '2022-10-26 01:17:58', '2022-10-26 01:17:58'),
(10, 2, 1, 1, 2, 1, '2022-10-26 00:00:00', '2610202201110425703300110030010000003383361020916', '003001000000338', '2.88', '24.00', '2022-10-26 13:07:38', '2022-10-26 13:07:38'),
(11, 2, 1, 1, 2, 1, '2022-10-26 00:00:00', '2610202201110425703300110030010000003393051405112', '003001000000339', '2.88', '24.00', '2022-10-26 13:10:30', '2022-10-26 13:10:30'),
(12, 2, 1, 1, 2, 1, '2022-10-26 00:00:00', '2610202201110425703300110030010000003402501505715', '003001000000340', '2.88', '24.00', '2022-10-26 13:17:55', '2022-10-26 13:17:55'),
(13, 2, 1, 1, 2, 1, '2022-10-26 00:00:00', '2610202201110425703300110030010000003416099279811', '003001000000341', '0.48', '4.00', '2022-10-27 01:09:41', '2022-10-27 01:09:41'),
(14, 2, 1, 1, 2, 1, '2022-10-26 00:00:00', '2610202201110425703300110030010000003420009110411', '003001000000342', '0.48', '4.00', '2022-10-27 01:22:27', '2022-10-27 01:22:27'),
(15, 2, 1, 1, 2, 1, '2022-10-26 00:00:00', '2610202201110425703300110030010000003439447474117', '003001000000343', '0.48', '4.00', '2022-10-27 03:42:44', '2022-10-27 03:42:44'),
(16, 2, 1, 1, 2, 1, '2022-10-26 00:00:00', '2610202201110425703300110030010000003446021955610', '003001000000344', '0.48', '4.00', '2022-10-27 03:49:06', '2022-10-27 03:49:07'),
(17, 2, 1, 1, 2, 1, '2022-10-26 00:00:00', '2610202201110425703300110030010000003458987320911', '003001000000345', '0.48', '4.00', '2022-10-27 03:51:56', '2022-10-27 03:51:56'),
(18, 2, 1, 1, 2, 1, '2022-10-26 00:00:00', '2610202201110425703300110030010000003468071001018', '003001000000346', '0.48', '4.00', '2022-10-27 04:38:13', '2022-10-27 04:38:13'),
(19, 2, 1, 1, 2, 1, '2022-10-26 00:00:00', '2610202201110425703300110030010000003476795818019', '003001000000347', '2.88', '24.00', '2022-10-27 04:43:31', '2022-10-27 04:43:31'),
(20, 2, 1, 1, 2, 1, '2022-10-26 00:00:00', '2610202201110425703300110030010000003486065345617', '003001000000348', '0.96', '8.00', '2022-10-27 04:47:27', '2022-10-27 04:47:27'),
(21, 2, 1, 1, 2, 1, '2022-10-30 00:00:00', '3010202201110425703300110030010000003491433499816', '003001000000349', '3.36', '28.00', '2022-10-30 15:03:10', '2022-10-30 15:03:10'),
(22, 2, 1, 1, 2, 1, '2022-10-30 00:00:00', '3010202201110425703300110030010000003502366302710', '003001000000350', '2.40', '20.00', '2022-10-30 15:09:50', '2022-10-30 15:09:50'),
(23, 2, 1, 1, 2, 1, '2022-10-30 00:00:00', '3010202201110425703300110030010000003514684589016', '003001000000351', '2.40', '20.00', '2022-10-30 15:31:57', '2022-10-30 15:31:57'),
(24, 2, 1, 1, 1, 1, '2022-10-30 00:00:00', '3010202201110425703300110030010000003522651434818', '003001000000352', '2.40', '20.00', '2022-10-31 01:54:47', '2022-10-31 01:54:47'),
(25, 2, 1, 1, 2, 1, '2022-10-30 00:00:00', '3010202201110425703300110030010000003534713893715', '003001000000353', '6.00', '50.00', '2022-10-31 02:20:01', '2022-10-31 02:20:01'),
(26, 2, 1, 1, 1, 1, '2022-10-30 00:00:00', '0', '003001000000354', '6.00', '50.00', '2022-10-31 03:40:38', '2022-10-31 03:40:38'),
(27, 2, 1, 1, 1, 1, '2022-10-30 00:00:00', '3010202201110425703300110030010000003544810656413', '003001000000354', '6.00', '50.00', '2022-10-31 03:42:25', '2022-10-31 03:42:25'),
(28, 2, 1, 1, 1, 1, '2022-10-30 00:00:00', '3010202201110425703300110030010000003559310580213', '003001000000355', '1.80', '15.00', '2022-10-31 03:52:52', '2022-10-31 03:52:52'),
(29, 2, 1, 1, 2, 1, '2022-10-31 00:00:00', '3110202201110425703300110030010000003569357069010', '003001000000356', '0.48', '4.00', '2022-11-01 01:49:23', '2022-11-01 01:49:23'),
(30, 2, 1, 1, 1, 1, '2022-11-01 00:00:00', '0', '003001000000357', '2.88', '24.00', '2022-11-01 15:33:15', '2022-11-01 15:33:15'),
(31, 2, 1, 1, 1, 1, '2022-11-01 00:00:00', '0111202201110425703300110030010000003574989487518', '003001000000357', '2.88', '24.00', '2022-11-01 15:38:15', '2022-11-01 15:38:15'),
(32, 2, 1, 1, 2, 1, '2022-11-01 00:00:00', '0', '003001000000358', '2.40', '20.00', '2022-11-01 16:36:27', '2022-11-01 16:36:27'),
(33, 2, 1, 1, 1, 1, '2022-11-05 00:00:00', '0511202201110425703300110030010000003588450917811', '003001000000358', '2.88', '24.00', '2022-11-05 23:46:14', '2022-11-05 23:46:14'),
(34, 2, 1, 1, 2, 1, '2022-11-05 00:00:00', '0511202201110425703300110030010000003594267955214', '003001000000359', '0.96', '8.00', '2022-11-06 03:41:32', '2022-11-06 03:41:32'),
(35, 2, 1, 1, 1, 1, '2022-11-05 00:00:00', '0511202201110425703300110030010000003608276957611', '003001000000360', '2.40', '20.00', '2022-11-06 04:52:59', '2022-11-06 04:52:59'),
(36, 2, 1, 1, 2, 1, '2022-11-06 00:00:00', '0611202201110425703300110030010000003612768393812', '003001000000361', '2.88', '24.00', '2022-11-06 15:32:52', '2022-11-06 15:32:53'),
(37, 2, 1, 1, 2, 1, '2022-11-06 00:00:00', '0611202201110425703300110030010000003625459266312', '003001000000362', '6.00', '50.00', '2022-11-06 15:37:51', '2022-11-06 15:37:51'),
(38, 2, 1, 1, 2, 1, '2022-11-07 00:00:00', '0711202201110425703300110030010000003636493314217', '003001000000363', '0.96', '8.00', '2022-11-07 14:56:50', '2022-11-07 14:56:50'),
(39, 2, 1, 1, 2, 1, '2022-11-07 00:00:00', '0711202201110425703300110030010000003646821241910', '003001000000364', '2.88', '24.00', '2022-11-08 03:15:42', '2022-11-08 03:15:42'),
(40, 2, 1, 1, 2, 1, '2022-11-07 00:00:00', '0711202201110425703300110030010000003653527608918', '003001000000365', '2.40', '20.00', '2022-11-08 03:38:59', '2022-11-08 03:38:59'),
(41, 2, 1, 1, 2, 1, '2022-11-08 00:00:00', '0811202201110425703300110030010000003661990005219', '003001000000366', '2.88', '24.00', '2022-11-08 19:24:41', '2022-11-08 19:24:42'),
(42, 2, 1, 1, 2, 1, '2022-11-08 00:00:00', '0811202201110425703300110030010000003679041250810', '003001000000367', '2.88', '24.00', '2022-11-08 23:42:52', '2022-11-08 23:42:52'),
(43, 2, 1, 1, 2, 1, '2022-11-09 00:00:00', '0911202201110425703300110030010000003686409349716', '003001000000368', '8.88', '74.00', '2022-11-09 20:52:08', '2022-11-09 20:52:08'),
(44, 2, 1, 1, 2, 1, '2022-11-09 00:00:00', '0911202201110425703300110030010000003695610627911', '003001000000369', '1.92', '16.00', '2022-11-09 21:01:09', '2022-11-09 21:01:09'),
(45, 2, 1, 1, 1, 1, '2022-11-11 00:00:00', '1111202201110425703300110030010000003707824236018', '003001000000370', '1.92', '16.00', '2022-11-12 03:26:47', '2022-11-12 03:26:47'),
(46, 2, 1, 1, 2, 1, '2022-11-11 00:00:00', '1111202201110425703300110030010000003715034169216', '003001000000371', '9.60', '80.00', '2022-11-12 04:09:51', '2022-11-12 04:09:51');

-- --------------------------------------------------------

--
-- Table structure for table `failed_jobs`
--

CREATE TABLE `failed_jobs` (
  `id` bigint(20) UNSIGNED NOT NULL,
  `uuid` varchar(255) COLLATE utf8mb4_unicode_ci NOT NULL,
  `connection` text COLLATE utf8mb4_unicode_ci NOT NULL,
  `queue` text COLLATE utf8mb4_unicode_ci NOT NULL,
  `payload` longtext COLLATE utf8mb4_unicode_ci NOT NULL,
  `exception` longtext COLLATE utf8mb4_unicode_ci NOT NULL,
  `failed_at` timestamp NOT NULL DEFAULT current_timestamp()
) ENGINE=InnoDB DEFAULT CHARSET=utf8mb4 COLLATE=utf8mb4_unicode_ci;

-- --------------------------------------------------------

--
-- Table structure for table `imagens`
--

CREATE TABLE `imagens` (
  `id` bigint(20) UNSIGNED NOT NULL,
  `url` varchar(50) COLLATE utf8mb4_unicode_ci NOT NULL,
  `perfil` enum('si','no') COLLATE utf8mb4_unicode_ci DEFAULT NULL,
  `created_at` timestamp NULL DEFAULT NULL,
  `updated_at` timestamp NULL DEFAULT NULL
) ENGINE=InnoDB DEFAULT CHARSET=utf8mb4 COLLATE=utf8mb4_unicode_ci;

--
-- Dumping data for table `imagens`
--

INSERT INTO `imagens` (`id`, `url`, `perfil`, `created_at`, `updated_at`) VALUES
(1, '/images/producto/33.jpeg', 'si', '2022-02-07 19:08:50', '2022-02-07 19:08:50'),
(2, '/images/producto/34.jpg', 'no', '2022-02-07 19:08:50', '2022-02-07 19:08:50'),
(3, '/images/producto/12.jpg', 'si', '2022-02-07 19:08:50', '2022-02-07 19:08:50'),
(4, '/images/producto/13.jpg', 'no', '2022-02-07 19:08:50', '2022-02-07 19:08:50'),
(5, '/images/producto/59.jpg', 'si', '2022-02-07 19:08:50', '2022-02-07 19:08:50'),
(6, '/images/producto/60.jpg', 'si', '2022-02-07 19:08:50', '2022-02-07 19:08:50'),
(7, '/images/producto/20.jpg', 'no', '2022-02-07 19:08:50', '2022-02-07 19:08:50'),
(8, '/images/producto/24.jpg', 'no', '2022-02-07 19:08:50', '2022-02-07 19:08:50'),
(9, '/images/producto/38.jpg', 'si', '2022-02-07 19:08:50', '2022-02-07 19:08:50'),
(10, '/images/producto/36.jpg', 'no', '2022-02-07 19:08:50', '2022-02-07 19:08:50'),
(11, '/images/producto/54.jpg', 'no', '2022-02-07 19:08:50', '2022-02-07 19:08:50'),
(12, '/images/producto/43.jpg', 'si', '2022-02-07 19:08:50', '2022-02-07 19:08:50'),
(13, '/images/producto/53.jpg', 'no', '2022-02-07 19:08:50', '2022-02-07 19:08:50'),
(14, '/images/producto/21.jpg', 'no', '2022-02-07 19:08:50', '2022-02-07 19:08:50'),
(15, '/images/producto/25.jpg', 'si', '2022-02-07 19:08:50', '2022-02-07 19:08:50'),
(16, '/images/producto/32.jpg', 'no', '2022-02-07 19:08:50', '2022-02-07 19:08:50'),
(17, '/images/producto/15.jpg', 'si', '2022-02-07 19:08:50', '2022-02-07 19:08:50'),
(18, '/images/producto/18.jpg', 'no', '2022-02-07 19:08:50', '2022-02-07 19:08:50'),
(19, '/images/producto/48.jpg', 'no', '2022-02-07 19:08:50', '2022-02-07 19:08:50'),
(20, '/images/producto/58.jpg', 'si', '2022-02-07 19:08:50', '2022-02-07 19:08:50'),
(21, '/images/producto/51.jpg', 'no', '2022-02-07 19:08:50', '2022-02-07 19:08:50'),
(22, '/images/producto/19.jpg', 'no', '2022-02-07 19:08:50', '2022-02-07 19:08:50'),
(23, '/images/producto/11.jpg', 'si', '2022-02-07 19:08:50', '2022-02-07 19:08:50'),
(24, '/images/producto/30.jpg', 'no', '2022-02-07 19:08:50', '2022-02-07 19:08:50'),
(25, '/images/producto/37.jpg', 'no', '2022-02-07 19:08:50', '2022-02-07 19:08:50'),
(26, '/images/producto/57.jpg', 'si', '2022-02-07 19:08:50', '2022-02-07 19:08:50'),
(27, '/images/producto/9.jpg', 'no', '2022-02-07 19:08:50', '2022-02-07 19:08:50'),
(28, '/images/producto/35.jpg', 'si', '2022-02-07 19:08:50', '2022-02-07 19:08:50'),
(29, '/images/producto/8.jpg', 'no', '2022-02-07 19:08:50', '2022-02-07 19:08:50'),
(30, '/images/producto/44.jpg', 'no', '2022-02-07 19:08:50', '2022-02-07 19:08:50'),
(31, '/images/producto/1.jpg', 'si', '2022-02-07 19:08:50', '2022-02-07 19:08:50'),
(32, '/images/producto/23.jpg', 'no', '2022-02-07 19:08:50', '2022-02-07 19:08:50'),
(33, '/images/producto/46.jpg', 'no', '2022-02-07 19:08:50', '2022-02-07 19:08:50'),
(34, '/images/producto/61.jpg', 'si', '2022-02-07 19:08:50', '2022-02-07 19:08:50'),
(35, '/images/producto/41.jpg', 'no', '2022-02-07 19:08:50', '2022-02-07 19:08:50'),
(36, '/images/producto/17.jpg', 'no', '2022-02-07 19:08:50', '2022-02-07 19:08:50'),
(37, '/images/producto/3.jpg', 'si', '2022-02-07 19:08:50', '2022-02-07 19:08:50'),
(38, '/images/producto/42.jpg', 'no', '2022-02-07 19:08:50', '2022-02-07 19:08:50'),
(39, '/images/producto/47.jpg', 'si', '2022-02-07 19:08:50', '2022-02-07 19:08:50'),
(40, '/images/producto/29.jpg', 'no', '2022-02-07 19:08:50', '2022-02-07 19:08:50'),
(41, '/images/producto/52.jpg', 'no', '2022-02-07 19:08:50', '2022-02-07 19:08:50'),
(42, '/images/producto/62.jpg', 'si', '2022-02-07 19:08:50', '2022-02-07 19:08:50'),
(43, '/images/producto/55.jpg', 'no', '2022-02-07 19:08:50', '2022-02-07 19:08:50'),
(44, '/images/producto/6.jpg', 'no', '2022-02-07 19:08:50', '2022-02-07 19:08:50'),
(45, '/images/producto/28.jpg', 'si', '2022-02-07 19:08:50', '2022-02-07 19:08:50'),
(46, '/images/producto/45.jpg', 'no', '2022-02-07 19:08:50', '2022-02-07 19:08:50'),
(47, '/images/producto/31.jpg', 'si', '2022-02-07 19:08:50', '2022-02-07 19:08:50'),
(48, '/images/producto/56.jpg', 'no', '2022-02-07 19:08:50', '2022-02-07 19:08:50'),
(49, '/images/producto/16.jpg', 'no', '2022-02-07 19:08:50', '2022-02-07 19:08:50'),
(50, '/images/producto/5.jpg', 'si', '2022-02-07 19:08:50', '2022-02-07 19:08:50'),
(51, '/images/producto/22.jpg', 'no', '2022-02-07 19:08:50', '2022-02-07 19:08:50'),
(52, '/images/producto/39.jpg', 'si', '2022-02-07 19:08:50', '2022-02-07 19:08:50'),
(53, '/images/producto/10.jpg', 'no', '2022-02-07 19:08:50', '2022-02-07 19:08:50'),
(54, '/images/producto/27.jpg', 'si', '2022-02-07 19:08:50', '2022-02-07 19:08:50'),
(55, '/images/producto/50.jpg', 'no', '2022-02-07 19:08:50', '2022-02-07 19:08:50'),
(56, '/images/producto/14.jpg', 'si', '2022-02-07 19:08:50', '2022-02-07 19:08:50'),
(57, '/images/producto/49.jpg', 'si', '2022-02-07 19:08:50', '2022-02-07 19:08:50'),
(58, '/images/producto/4.jpg', 'si', '2022-02-07 19:08:50', '2022-02-07 19:08:50'),
(59, '/images/producto/7.jpg', 'no', '2022-02-07 19:08:50', '2022-02-07 19:08:50');

-- --------------------------------------------------------

--
-- Table structure for table `info_facturas`
--

CREATE TABLE `info_facturas` (
  `id` bigint(20) UNSIGNED NOT NULL,
  `factura_id` bigint(20) UNSIGNED NOT NULL,
  `nombres` varchar(255) COLLATE utf8mb4_unicode_ci NOT NULL,
  `apellidos` varchar(255) COLLATE utf8mb4_unicode_ci NOT NULL,
  `ruc_cedula` varchar(255) COLLATE utf8mb4_unicode_ci NOT NULL,
  `direccion` varchar(255) COLLATE utf8mb4_unicode_ci NOT NULL,
  `telefono` varchar(255) COLLATE utf8mb4_unicode_ci NOT NULL,
  `created_at` timestamp NULL DEFAULT NULL,
  `updated_at` timestamp NULL DEFAULT NULL
) ENGINE=InnoDB DEFAULT CHARSET=utf8mb4 COLLATE=utf8mb4_unicode_ci;

--
-- Dumping data for table `info_facturas`
--

INSERT INTO `info_facturas` (`id`, `factura_id`, `nombres`, `apellidos`, `ruc_cedula`, `direccion`, `telefono`, `created_at`, `updated_at`) VALUES
(1, 1, 'Juan Catagña', 'Catagña', '1717822082', 'Sucre O2e-232', '0984243670', '2022-02-08 05:28:20', '2022-02-08 05:28:20'),
(2, 2, 'Juan Catagña', 'Catagña', '1717822082', 'Sucre O2e-232', '0984243670', '2022-02-08 05:36:32', '2022-02-08 05:36:32'),
(3, 3, 'Juan Catagña', 'Catagña', '1717822082', 'Sucre O2e-232', '0984243670', '2022-02-08 05:39:56', '2022-02-08 05:39:56'),
(4, 4, 'Juan', 'Catagña', '1717822082', 'Sucre O2e-232', '0984243670', '2022-02-08 06:01:50', '2022-02-08 06:01:50'),
(5, 5, 'Juan', 'Catagña', '1717822082', 'Sucre O2e-232', '0984243670', '2022-02-08 06:21:32', '2022-02-08 06:21:32'),
(6, 6, 'María Mercedes', 'Chiquito', '1313929828', 'Jipijapa', '0961328741', '2022-02-08 22:39:30', '2022-02-08 22:39:30'),
(7, 7, 'Juan', 'Catagña', '1717822082', 'Sucre O2e-232', '0984243670', '2022-10-25 01:53:41', '2022-10-25 01:53:41'),
(8, 8, 'Juan', 'Catagña', '1717822082', 'Sucre O2e-232', '0984243670', '2022-10-26 00:56:26', '2022-10-26 00:56:26'),
(9, 9, 'Juan', 'Catagña', '1717822082', 'Sucre O2e-232', '0984243670', '2022-10-26 01:17:58', '2022-10-26 01:17:58'),
(10, 10, 'Juan', 'Catagña', '1717822082', 'Sucre O2e-232', '0984243670', '2022-10-26 13:07:38', '2022-10-26 13:07:38'),
(11, 11, 'Juan', 'Catagña', '1717822082', 'Sucre O2e-232', '0984243670', '2022-10-26 13:10:30', '2022-10-26 13:10:30'),
(12, 12, 'Juan', 'Catagña', '1717822082', 'Sucre O2e-232', '0984243670', '2022-10-26 13:17:55', '2022-10-26 13:17:55'),
(13, 13, 'Juan', 'Catagña', '1717822082', 'Sucre O2e-232', '0984243670', '2022-10-27 01:09:41', '2022-10-27 01:09:41'),
(14, 14, 'Juan', 'Catagña', '1717822082', 'Sucre O2e-232', '0984243670', '2022-10-27 01:22:27', '2022-10-27 01:22:27'),
(15, 15, 'Juan', 'Catagña', '1717822082', 'Sucre O2e-232', '0984243670', '2022-10-27 03:42:44', '2022-10-27 03:42:44'),
(16, 16, 'Juan', 'Catagña', '1717822082', 'Sucre O2e-232', '0984243670', '2022-10-27 03:49:06', '2022-10-27 03:49:06'),
(17, 17, 'Juan', 'Catagña', '1717822082', 'Sucre O2e-232', '0984243670', '2022-10-27 03:51:56', '2022-10-27 03:51:56'),
(18, 18, 'Juan', 'Catagña', '1717822082', 'Sucre O2e-232', '0984243670', '2022-10-27 04:38:13', '2022-10-27 04:38:13'),
(19, 19, 'Juan', 'Catagña', '1717822082', 'Sucre O2e-232', '0984243670', '2022-10-27 04:43:31', '2022-10-27 04:43:31'),
(20, 20, 'Juan', 'Catagña', '1717822082', 'Sucre O2e-232', '0984243670', '2022-10-27 04:47:27', '2022-10-27 04:47:27'),
(21, 21, 'Juan', 'Catagña', '1717822082', 'Sucre O2e-232', '0984243670', '2022-10-30 15:03:10', '2022-10-30 15:03:10'),
(22, 22, 'Juan', 'Catagña', '1717822082', 'Sucre O2e-232', '0984243670', '2022-10-30 15:09:50', '2022-10-30 15:09:50'),
(23, 23, 'Juan', 'Catagña', '1717822082', 'Sucre O2e-232', '0984243670', '2022-10-30 15:31:57', '2022-10-30 15:31:57'),
(24, 24, 'Juan', 'Catagña', '1717822082', 'Sucre O2e-232', '0984243670', '2022-10-31 01:54:47', '2022-10-31 01:54:47'),
(25, 25, 'Juan', 'Catagña', '1717822082', 'Sucre O2e-232', '0984243670', '2022-10-31 02:20:01', '2022-10-31 02:20:01'),
(26, 26, 'Juan', 'Catagña', '1717822082', 'Sucre O2e-232', '0984243670', '2022-10-31 03:40:38', '2022-10-31 03:40:38'),
(27, 27, 'Juan', 'Catagña', '1717822082', 'Sucre O2e-232', '0984243670', '2022-10-31 03:42:25', '2022-10-31 03:42:25'),
(28, 28, 'Juan', 'Catagña', '1717822082', 'Sucre O2e-232', '0984243670', '2022-10-31 03:52:52', '2022-10-31 03:52:52'),
(29, 29, 'Juan', 'Catagña', '1717822082', 'Sucre O2e-232', '0984243670', '2022-11-01 01:49:23', '2022-11-01 01:49:23'),
(30, 30, 'Juan', 'Catagña', '1717822082', 'Sucre O2e-232', '0984243670', '2022-11-01 15:33:15', '2022-11-01 15:33:15'),
(31, 31, 'Juan', 'Catagña', '1717822082', 'Sucre O2e-232', '0984243670', '2022-11-01 15:38:15', '2022-11-01 15:38:15'),
(32, 32, 'Juan', 'Catagña', '1717822082', 'Sucre O2e-232', '0984243670', '2022-11-01 16:36:27', '2022-11-01 16:36:27'),
(33, 33, 'Juan', 'Catagña', '1717822082', 'Sucre O2e-232', '0984243670', '2022-11-05 23:46:14', '2022-11-05 23:46:14'),
(34, 34, 'Juan', 'Catagña', '1717822082', 'Sucre O2e-232', '0984243670', '2022-11-06 03:41:32', '2022-11-06 03:41:32'),
(35, 35, 'Juan', 'Catagña', '1717822082', 'Sucre O2e-232', '0984243670', '2022-11-06 04:52:59', '2022-11-06 04:52:59'),
(36, 36, 'Juan', 'Catagña', '1717822082', 'Sucre O2e-232', '0984243670', '2022-11-06 15:32:52', '2022-11-06 15:32:52'),
(37, 37, 'Juan', 'Catagña', '1717822082', 'Sucre O2e-232', '0984243670', '2022-11-06 15:37:51', '2022-11-06 15:37:51'),
(38, 38, 'Juan', 'Catagña', '1717822082', 'Sucre O2e-232', '0984243670', '2022-11-07 14:56:50', '2022-11-07 14:56:50'),
(39, 39, 'Juan', 'Catagña', '1717822082', 'Sucre O2e-232', '0984243670', '2022-11-08 03:15:42', '2022-11-08 03:15:42'),
(40, 40, 'Juan', 'Catagña', '1717822082', 'Sucre O2e-232', '0984243670', '2022-11-08 03:38:59', '2022-11-08 03:38:59'),
(41, 41, 'Juan', 'Catagña', '1717822082', 'Sucre O2e-232', '0984243670', '2022-11-08 19:24:41', '2022-11-08 19:24:41'),
(42, 42, 'Juan', 'Catagña', '1717822082', 'Sucre O2e-232', '0984243670', '2022-11-08 23:42:52', '2022-11-08 23:42:52'),
(43, 43, 'Juan', 'Catagña', '1717822082', 'Sucre O2e-232', '0984243670', '2022-11-09 20:52:08', '2022-11-09 20:52:08'),
(44, 44, 'Juan', 'Catagña', '1717822082', 'Sucre O2e-232', '0984243670', '2022-11-09 21:01:09', '2022-11-09 21:01:09'),
(45, 45, 'Juan', 'Catagña', '1717822082', 'Sucre O2e-232', '0984243670', '2022-11-12 03:26:47', '2022-11-12 03:26:47'),
(46, 46, 'Juan', 'Catagña', '1717822082', 'Sucre O2e-232', '0984243670', '2022-11-12 04:09:51', '2022-11-12 04:09:51');

-- --------------------------------------------------------

--
-- Table structure for table `metodo_envios`
--

CREATE TABLE `metodo_envios` (
  `id` bigint(20) UNSIGNED NOT NULL,
  `codigo` varchar(255) COLLATE utf8mb4_unicode_ci NOT NULL,
  `descripcion` varchar(255) COLLATE utf8mb4_unicode_ci NOT NULL,
  `precio` decimal(18,2) NOT NULL,
  `created_at` timestamp NULL DEFAULT NULL,
  `updated_at` timestamp NULL DEFAULT NULL
) ENGINE=InnoDB DEFAULT CHARSET=utf8mb4 COLLATE=utf8mb4_unicode_ci;

--
-- Dumping data for table `metodo_envios`
--

INSERT INTO `metodo_envios` (`id`, `codigo`, `descripcion`, `precio`, `created_at`, `updated_at`) VALUES
(1, 'UIO-01', 'Envío Local', '3.50', '2022-02-07 19:08:50', '2022-02-07 19:08:50'),
(2, 'PROV-01', 'Envío a Provincias', '4.50', '2022-02-07 19:08:50', '2022-02-07 19:08:50');

-- --------------------------------------------------------

--
-- Table structure for table `migrations`
--

CREATE TABLE `migrations` (
  `id` int(10) UNSIGNED NOT NULL,
  `migration` varchar(255) COLLATE utf8mb4_unicode_ci NOT NULL,
  `batch` int(11) NOT NULL
) ENGINE=InnoDB DEFAULT CHARSET=utf8mb4 COLLATE=utf8mb4_unicode_ci;

--
-- Dumping data for table `migrations`
--

INSERT INTO `migrations` (`id`, `migration`, `batch`) VALUES
(1, '2014_10_12_000000_create_users_table', 1),
(2, '2014_10_12_100000_create_password_resets_table', 1),
(3, '2019_08_19_000000_create_failed_jobs_table', 1),
(4, '2021_03_04_153819_create_roles_table', 1),
(5, '2021_03_05_014058_create_role_user_table', 1),
(6, '2021_03_08_201746_create_permissions_table', 1),
(7, '2021_03_08_204006_create_permission_role_table', 1),
(8, '2021_07_19_161326_create_colors_table', 1),
(9, '2021_07_20_094514_create_categorias_table', 1),
(10, '2021_07_20_100027_create_seccions_table', 1),
(11, '2021_07_20_101703_create_tallas_table', 1),
(12, '2021_07_20_224841_create_articulos_table', 1),
(13, '2021_07_20_225845_create_relaccions_table', 1),
(14, '2021_07_21_164203_create_imagens_table', 1),
(15, '2021_07_21_170356_create_origens_table', 1),
(16, '2021_07_21_170515_create_productos_table', 1),
(17, '2021_07_21_172646_create_publicados_table', 1),
(18, '2021_07_21_172853_create_ofertas_table', 1),
(19, '2021_08_02_190700_create_relaccion__imagens_table', 1),
(20, '2021_08_12_204237_create_empresas_table', 1),
(21, '2021_09_12_110403_create_metodo_envios_table', 1),
(22, '2021_09_12_110649_create_modalidad_pagos_table', 1),
(23, '2021_09_12_124957_create_estado_compras_table', 1),
(24, '2021_09_12_204526_create_comprobantes_table', 1),
(25, '2021_10_04_182357_create_facturas_table', 1),
(26, '2021_10_04_182546_create_info_facturas_table', 1),
(27, '2021_10_05_184544_create_detalle_facturas_table', 1),
(28, '2021_10_05_200957_create_envios_table', 1),
(29, '2021_10_12_204622_create_datos_facturacion_electronicas_table', 1),
(30, '2021_10_12_211724_create_rutas_table', 1),
(31, '2021_10_12_230957_create_numeradores_table', 1),
(32, '2021_10_13_162639_create_documentos_facturacion_electronicas_table', 1),
(33, '2021_10_19_091754_create_validar_pagos_table', 1),
(34, '2021_10_19_093144_create_detalle_envios_table', 1),
(35, '2022_01_24_173043_create_provincias_table', 1),
(36, '2022_01_24_173209_create_cantones_table', 1),
(37, '2022_01_24_173320_create_parroquias_table', 1);

-- --------------------------------------------------------

--
-- Table structure for table `modalidad_pagos`
--

CREATE TABLE `modalidad_pagos` (
  `id` bigint(20) UNSIGNED NOT NULL,
  `descripcion` varchar(255) COLLATE utf8mb4_unicode_ci NOT NULL,
  `codigo` varchar(255) COLLATE utf8mb4_unicode_ci NOT NULL,
  `created_at` timestamp NULL DEFAULT NULL,
  `updated_at` timestamp NULL DEFAULT NULL
) ENGINE=InnoDB DEFAULT CHARSET=utf8mb4 COLLATE=utf8mb4_unicode_ci;

--
-- Dumping data for table `modalidad_pagos`
--

INSERT INTO `modalidad_pagos` (`id`, `descripcion`, `codigo`, `created_at`, `updated_at`) VALUES
(1, 'Tarjeta de Crédito / Débito', '19', '2022-02-07 19:08:50', '2022-02-07 19:08:50'),
(2, 'Transferencia / Depósito', '20', '2022-02-07 19:08:50', '2022-02-07 19:08:50');

-- --------------------------------------------------------

--
-- Table structure for table `numeradores`
--

CREATE TABLE `numeradores` (
  `id` bigint(20) UNSIGNED NOT NULL,
  `empresa_id` bigint(20) UNSIGNED NOT NULL,
  `comprobante_id` bigint(20) UNSIGNED NOT NULL,
  `establecimiento` varchar(3) COLLATE utf8mb4_unicode_ci NOT NULL,
  `puntoemision` varchar(3) COLLATE utf8mb4_unicode_ci NOT NULL,
  `correlativo` int(11) NOT NULL,
  `created_at` timestamp NULL DEFAULT NULL,
  `updated_at` timestamp NULL DEFAULT NULL
) ENGINE=InnoDB DEFAULT CHARSET=utf8mb4 COLLATE=utf8mb4_unicode_ci;

--
-- Dumping data for table `numeradores`
--

INSERT INTO `numeradores` (`id`, `empresa_id`, `comprobante_id`, `establecimiento`, `puntoemision`, `correlativo`, `created_at`, `updated_at`) VALUES
(1, 1, 1, '003', '001', 372, '2022-02-07 19:08:50', '2022-11-12 04:09:51');

-- --------------------------------------------------------

--
-- Table structure for table `ofertas`
--

CREATE TABLE `ofertas` (
  `id` bigint(20) UNSIGNED NOT NULL,
  `producto_id` bigint(20) UNSIGNED NOT NULL,
  `fecha_publicado` datetime NOT NULL,
  `descuento` int(11) NOT NULL,
  `precio_oferta` decimal(18,2) NOT NULL,
  `estado` varchar(1) COLLATE utf8mb4_unicode_ci NOT NULL,
  `created_at` timestamp NULL DEFAULT NULL,
  `updated_at` timestamp NULL DEFAULT NULL
) ENGINE=InnoDB DEFAULT CHARSET=utf8mb4 COLLATE=utf8mb4_unicode_ci;

--
-- Dumping data for table `ofertas`
--

INSERT INTO `ofertas` (`id`, `producto_id`, `fecha_publicado`, `descuento`, `precio_oferta`, `estado`, `created_at`, `updated_at`) VALUES
(1, 6, '2021-10-05 00:00:00', 20, '4.00', '1', '2022-02-07 19:13:49', '2022-02-07 19:13:49'),
(2, 7, '2021-10-05 00:00:00', 20, '24.00', '1', '2022-02-07 19:13:49', '2022-02-07 19:13:49'),
(3, 8, '2021-10-05 00:00:00', 20, '8.00', '1', '2022-02-07 19:13:49', '2022-02-07 19:13:49'),
(4, 9, '2021-10-05 00:00:00', 20, '3.20', '1', '2022-02-07 19:13:49', '2022-02-07 19:13:49'),
(5, 10, '2021-10-05 00:00:00', 20, '16.00', '1', '2022-02-07 19:13:49', '2022-02-07 19:13:49');

-- --------------------------------------------------------

--
-- Table structure for table `origens`
--

CREATE TABLE `origens` (
  `id` bigint(20) UNSIGNED NOT NULL,
  `descripcion` varchar(20) COLLATE utf8mb4_unicode_ci NOT NULL,
  `estado` varchar(1) COLLATE utf8mb4_unicode_ci NOT NULL,
  `created_at` timestamp NULL DEFAULT NULL,
  `updated_at` timestamp NULL DEFAULT NULL
) ENGINE=InnoDB DEFAULT CHARSET=utf8mb4 COLLATE=utf8mb4_unicode_ci;

--
-- Dumping data for table `origens`
--

INSERT INTO `origens` (`id`, `descripcion`, `estado`, `created_at`, `updated_at`) VALUES
(1, 'Ecuador', '1', '2022-02-07 19:08:50', '2022-02-07 19:08:50'),
(2, 'Colombia', '1', '2022-02-07 19:08:50', '2022-02-07 19:08:50'),
(3, 'Perú', '1', '2022-02-07 19:08:50', '2022-02-07 19:08:50'),
(4, 'No definido', '1', '2022-02-07 19:08:50', '2022-02-07 19:08:50');

-- --------------------------------------------------------

--
-- Table structure for table `parroquias`
--

CREATE TABLE `parroquias` (
  `id` bigint(20) UNSIGNED NOT NULL,
  `provincia_id` int(11) NOT NULL,
  `canton_id` int(11) NOT NULL,
  `parroquia` varchar(100) COLLATE utf8mb4_unicode_ci NOT NULL,
  `created_at` timestamp NULL DEFAULT NULL,
  `updated_at` timestamp NULL DEFAULT NULL
) ENGINE=InnoDB DEFAULT CHARSET=utf8mb4 COLLATE=utf8mb4_unicode_ci;

--
-- Dumping data for table `parroquias`
--

INSERT INTO `parroquias` (`id`, `provincia_id`, `canton_id`, `parroquia`, `created_at`, `updated_at`) VALUES
(1, 17, 1, 'ALFARO', '2022-02-07 19:08:50', '2022-02-07 19:08:50'),
(2, 17, 1, 'BENALCAZAR', '2022-02-07 19:08:50', '2022-02-07 19:08:50'),
(3, 17, 1, 'COTOCOLLAO', '2022-02-07 19:08:50', '2022-02-07 19:08:50'),
(4, 17, 1, 'CHAUPICRUZ', '2022-02-07 19:08:50', '2022-02-07 19:08:50'),
(5, 17, 1, 'CHILLOGALLO', '2022-02-07 19:08:50', '2022-02-07 19:08:50'),
(6, 17, 1, 'EL SALVADOR', '2022-02-07 19:08:50', '2022-02-07 19:08:50'),
(7, 17, 1, 'GONZALEZ SUAREZ', '2022-02-07 19:08:50', '2022-02-07 19:08:50'),
(8, 17, 1, 'GUAPULO', '2022-02-07 19:08:50', '2022-02-07 19:08:50'),
(9, 17, 1, 'LA FLORESTA', '2022-02-07 19:08:50', '2022-02-07 19:08:50'),
(10, 17, 1, 'LA LIBERTAD', '2022-02-07 19:08:50', '2022-02-07 19:08:50'),
(11, 17, 1, 'LA MAGDALENA', '2022-02-07 19:08:50', '2022-02-07 19:08:50'),
(12, 17, 1, 'LA VICENTINA', '2022-02-07 19:08:50', '2022-02-07 19:08:50'),
(13, 17, 1, 'SAN BLAS', '2022-02-07 19:08:50', '2022-02-07 19:08:50'),
(14, 17, 1, 'SAN MARCOS', '2022-02-07 19:08:50', '2022-02-07 19:08:50'),
(15, 17, 1, 'SAN ROQUE', '2022-02-07 19:08:50', '2022-02-07 19:08:50'),
(16, 17, 1, 'SAN SEBASTIAN', '2022-02-07 19:08:50', '2022-02-07 19:08:50'),
(17, 17, 1, 'SANTA BARBARA', '2022-02-07 19:08:50', '2022-02-07 19:08:50'),
(18, 17, 1, 'SANTA PRISCA', '2022-02-07 19:08:50', '2022-02-07 19:08:50'),
(19, 17, 1, 'VILLA FLORA', '2022-02-07 19:08:50', '2022-02-07 19:08:50'),
(20, 17, 1, 'CARCELEN', '2022-02-07 19:08:50', '2022-02-07 19:08:50'),
(21, 17, 1, 'CHIMBACALLE', '2022-02-07 19:08:50', '2022-02-07 19:08:50'),
(22, 17, 1, 'EL BATAN', '2022-02-07 19:08:50', '2022-02-07 19:08:50'),
(23, 17, 1, 'EL BEATERIO', '2022-02-07 19:08:50', '2022-02-07 19:08:50'),
(24, 17, 1, 'EL INCA', '2022-02-07 19:08:50', '2022-02-07 19:08:50'),
(25, 17, 1, 'ELOY ALFARO', '2022-02-07 19:08:50', '2022-02-07 19:08:50'),
(26, 17, 1, 'GUAMANI', '2022-02-07 19:08:51', '2022-02-07 19:08:51'),
(27, 17, 1, 'LA CONCEPCION', '2022-02-07 19:08:51', '2022-02-07 19:08:51'),
(28, 17, 1, 'LAS CUADRAS', '2022-02-07 19:08:51', '2022-02-07 19:08:51'),
(29, 17, 1, 'BELISARIO QUEVEDO', '2022-02-07 19:08:51', '2022-02-07 19:08:51'),
(30, 17, 1, 'CENTRO HISTORICO', '2022-02-07 19:08:51', '2022-02-07 19:08:51'),
(31, 17, 1, 'CHILIBULO', '2022-02-07 19:08:51', '2022-02-07 19:08:51'),
(32, 17, 1, 'COCHAPAMBA', '2022-02-07 19:08:51', '2022-02-07 19:08:51'),
(33, 17, 1, 'COMITE DEL PUEBLO', '2022-02-07 19:08:51', '2022-02-07 19:08:51'),
(34, 17, 1, 'CONDADO', '2022-02-07 19:08:51', '2022-02-07 19:08:51'),
(35, 17, 1, 'IÑAQUITO', '2022-02-07 19:08:51', '2022-02-07 19:08:51'),
(36, 17, 1, 'ITCHIMBIA', '2022-02-07 19:08:51', '2022-02-07 19:08:51'),
(37, 17, 1, 'JIPIJAPA', '2022-02-07 19:08:51', '2022-02-07 19:08:51'),
(38, 17, 1, 'KENNEDY', '2022-02-07 19:08:51', '2022-02-07 19:08:51'),
(39, 17, 1, 'LA ARGELIA', '2022-02-07 19:08:51', '2022-02-07 19:08:51'),
(40, 17, 1, 'LA ECUATORIANA', '2022-02-07 19:08:51', '2022-02-07 19:08:51'),
(41, 17, 1, 'LA FERROVIARIA', '2022-02-07 19:08:51', '2022-02-07 19:08:51'),
(42, 17, 1, 'LA MENA', '2022-02-07 19:08:51', '2022-02-07 19:08:51'),
(43, 17, 1, 'MARISCAL SUCRE', '2022-02-07 19:08:51', '2022-02-07 19:08:51'),
(44, 17, 1, 'PONCEANO', '2022-02-07 19:08:51', '2022-02-07 19:08:51'),
(45, 17, 1, 'PUENGASI', '2022-02-07 19:08:51', '2022-02-07 19:08:51'),
(46, 17, 1, 'QUITUMBE', '2022-02-07 19:08:51', '2022-02-07 19:08:51'),
(47, 17, 1, 'RUMIPAMBA', '2022-02-07 19:08:51', '2022-02-07 19:08:51'),
(48, 17, 1, 'SAN BARTOLO', '2022-02-07 19:08:51', '2022-02-07 19:08:51'),
(49, 17, 1, 'SAN ISIDRO DEL INCA', '2022-02-07 19:08:51', '2022-02-07 19:08:51'),
(50, 17, 1, 'SANJUAN', '2022-02-07 19:08:51', '2022-02-07 19:08:51'),
(51, 17, 1, 'SOLANDA', '2022-02-07 19:08:51', '2022-02-07 19:08:51'),
(52, 17, 1, 'TURUBAMBA', '2022-02-07 19:08:51', '2022-02-07 19:08:51'),
(53, 17, 1, 'ALANGASI', '2022-02-07 19:08:51', '2022-02-07 19:08:51'),
(54, 17, 1, 'AMAGUAÑA', '2022-02-07 19:08:51', '2022-02-07 19:08:51'),
(55, 17, 1, 'ATAHUALPA', '2022-02-07 19:08:51', '2022-02-07 19:08:51'),
(56, 17, 1, 'CALACALI', '2022-02-07 19:08:51', '2022-02-07 19:08:51'),
(57, 17, 1, 'CALDERON', '2022-02-07 19:08:51', '2022-02-07 19:08:51'),
(58, 17, 1, 'CONOCOTO', '2022-02-07 19:08:51', '2022-02-07 19:08:51'),
(59, 17, 1, 'CUMBAYA', '2022-02-07 19:08:51', '2022-02-07 19:08:51'),
(60, 17, 1, 'CHAVEZPAMBA', '2022-02-07 19:08:51', '2022-02-07 19:08:51'),
(61, 17, 1, 'CHECA (CHILPA)', '2022-02-07 19:08:51', '2022-02-07 19:08:51'),
(62, 17, 1, 'EL QUINCHE', '2022-02-07 19:08:51', '2022-02-07 19:08:51'),
(63, 17, 1, 'GUALEA', '2022-02-07 19:08:51', '2022-02-07 19:08:51'),
(64, 17, 1, 'GUANGOPOLO', '2022-02-07 19:08:51', '2022-02-07 19:08:51'),
(65, 17, 1, 'GUAYLLABAMBA', '2022-02-07 19:08:51', '2022-02-07 19:08:51'),
(66, 17, 1, 'LA MERCED', '2022-02-07 19:08:51', '2022-02-07 19:08:51'),
(67, 17, 1, 'LLANO CHICO', '2022-02-07 19:08:51', '2022-02-07 19:08:51'),
(68, 17, 1, 'LLOA', '2022-02-07 19:08:51', '2022-02-07 19:08:51'),
(69, 17, 1, 'MINDO', '2022-02-07 19:08:51', '2022-02-07 19:08:51'),
(70, 17, 1, 'NANEGAL', '2022-02-07 19:08:51', '2022-02-07 19:08:51'),
(71, 17, 1, 'NANEGALITO', '2022-02-07 19:08:51', '2022-02-07 19:08:51'),
(72, 17, 1, 'NAYON', '2022-02-07 19:08:51', '2022-02-07 19:08:51'),
(73, 17, 1, 'NONO', '2022-02-07 19:08:51', '2022-02-07 19:08:51'),
(74, 17, 1, 'PACTO', '2022-02-07 19:08:51', '2022-02-07 19:08:51'),
(75, 17, 1, 'PEDRO VICENTE MALDONADO', '2022-02-07 19:08:51', '2022-02-07 19:08:51'),
(76, 17, 1, 'PERUCHO', '2022-02-07 19:08:51', '2022-02-07 19:08:51'),
(77, 17, 1, 'PIFO', '2022-02-07 19:08:51', '2022-02-07 19:08:51'),
(78, 17, 1, 'PINTAG', '2022-02-07 19:08:51', '2022-02-07 19:08:51'),
(79, 17, 1, 'POMASQUI', '2022-02-07 19:08:51', '2022-02-07 19:08:51'),
(80, 17, 1, 'PUELLARO', '2022-02-07 19:08:51', '2022-02-07 19:08:51'),
(81, 17, 1, 'PUEMBO', '2022-02-07 19:08:51', '2022-02-07 19:08:51'),
(82, 17, 1, 'SAN ANTONIO', '2022-02-07 19:08:51', '2022-02-07 19:08:51'),
(83, 17, 1, 'SAN JOSE DE MINAS', '2022-02-07 19:08:51', '2022-02-07 19:08:51'),
(84, 17, 1, 'SAN MIGUEL DE LOS BANCOS', '2022-02-07 19:08:51', '2022-02-07 19:08:51'),
(85, 17, 1, 'TABABELA', '2022-02-07 19:08:51', '2022-02-07 19:08:51'),
(86, 17, 1, 'TUMBACO', '2022-02-07 19:08:51', '2022-02-07 19:08:51'),
(87, 17, 1, 'YARUQUI', '2022-02-07 19:08:51', '2022-02-07 19:08:51'),
(88, 17, 1, 'ZAMBIZA', '2022-02-07 19:08:51', '2022-02-07 19:08:51'),
(89, 17, 1, 'PUERTO QUITO', '2022-02-07 19:08:51', '2022-02-07 19:08:51'),
(90, 17, 2, 'AYORA ', '2022-02-07 19:08:51', '2022-02-07 19:08:51'),
(91, 17, 2, 'JUAN MONTALVO', '2022-02-07 19:08:51', '2022-02-07 19:08:51'),
(92, 17, 2, 'ASCAZUBÍ', '2022-02-07 19:08:51', '2022-02-07 19:08:51'),
(93, 17, 2, 'CANGAHUA ', '2022-02-07 19:08:51', '2022-02-07 19:08:51'),
(94, 17, 2, 'OTÓN', '2022-02-07 19:08:51', '2022-02-07 19:08:51'),
(95, 17, 2, 'STA. ROSA DE CUSUBAMBA ', '2022-02-07 19:08:51', '2022-02-07 19:08:51'),
(96, 17, 2, 'OLMEDO', '2022-02-07 19:08:51', '2022-02-07 19:08:51'),
(97, 17, 3, 'MACHACHI ', '2022-02-07 19:08:51', '2022-02-07 19:08:51'),
(98, 17, 3, 'CUTUGLAGUA ', '2022-02-07 19:08:51', '2022-02-07 19:08:51'),
(99, 17, 3, 'ALÓAG', '2022-02-07 19:08:51', '2022-02-07 19:08:51'),
(100, 17, 3, 'ALOASÍ', '2022-02-07 19:08:51', '2022-02-07 19:08:51'),
(101, 17, 3, 'MANUEL CORNEJO ASTORGA', '2022-02-07 19:08:51', '2022-02-07 19:08:51'),
(102, 17, 3, 'TAMBILLO', '2022-02-07 19:08:51', '2022-02-07 19:08:51'),
(103, 17, 3, 'EL CHAUPI ', '2022-02-07 19:08:51', '2022-02-07 19:08:51'),
(104, 17, 3, 'UYUMBICHO ', '2022-02-07 19:08:51', '2022-02-07 19:08:51'),
(105, 17, 4, 'LA ESPERANZA ', '2022-02-07 19:08:51', '2022-02-07 19:08:51'),
(106, 17, 4, 'MALCHINGUÍ', '2022-02-07 19:08:51', '2022-02-07 19:08:51'),
(107, 17, 4, 'TABACUNDO (URBANO)', '2022-02-07 19:08:51', '2022-02-07 19:08:51'),
(108, 17, 4, 'TOCACHI', '2022-02-07 19:08:51', '2022-02-07 19:08:51'),
(109, 17, 4, 'TUPIGACHI', '2022-02-07 19:08:51', '2022-02-07 19:08:51'),
(110, 17, 5, 'SAN VICENTE DE ANDOAS ', '2022-02-07 19:08:51', '2022-02-07 19:08:51'),
(111, 17, 5, 'SAN JUAN DE PUERTO QUITO', '2022-02-07 19:08:51', '2022-02-07 19:08:51'),
(112, 17, 5, 'NUEVA AURORA ', '2022-02-07 19:08:51', '2022-02-07 19:08:51'),
(113, 17, 5, 'PARAÍSO ALTO ', '2022-02-07 19:08:51', '2022-02-07 19:08:51'),
(114, 17, 5, 'PARAÍSO BAJO', '2022-02-07 19:08:51', '2022-02-07 19:08:51'),
(115, 17, 5, 'LA CELICA ', '2022-02-07 19:08:51', '2022-02-07 19:08:51'),
(116, 17, 5, 'EL CISNE ', '2022-02-07 19:08:51', '2022-02-07 19:08:51'),
(117, 17, 5, 'PACHIJAL', '2022-02-07 19:08:51', '2022-02-07 19:08:51'),
(118, 17, 6, 'PUERTO QUITO', '2022-02-07 19:08:51', '2022-02-07 19:08:51'),
(119, 17, 7, 'COCTOGCHOA ', '2022-02-07 19:08:51', '2022-02-07 19:08:51'),
(120, 17, 7, 'RUMIPAMBA', '2022-02-07 19:08:51', '2022-02-07 19:08:51'),
(121, 17, 7, 'SAN RAFAEL', '2022-02-07 19:08:51', '2022-02-07 19:08:51'),
(122, 17, 7, 'SANGOLQUÍ', '2022-02-07 19:08:51', '2022-02-07 19:08:51'),
(123, 17, 7, 'SAN PEDRO DE TABOADA ', '2022-02-07 19:08:51', '2022-02-07 19:08:51'),
(124, 17, 8, 'MINDO', '2022-02-07 19:08:51', '2022-02-07 19:08:51'),
(125, 17, 8, 'SAN MIGUEL DE LOS BANCOS', '2022-02-07 19:08:51', '2022-02-07 19:08:51'),
(126, 1, 1, 'CUENCA', '2022-02-07 19:08:51', '2022-02-07 19:08:51'),
(127, 1, 1, 'BELLAVISTA', '2022-02-07 19:08:51', '2022-02-07 19:08:51'),
(128, 1, 1, 'CAÑARIBAMBA', '2022-02-07 19:08:51', '2022-02-07 19:08:51'),
(129, 1, 1, 'EL BATAN', '2022-02-07 19:08:51', '2022-02-07 19:08:51'),
(130, 1, 1, 'EL SAGRARIO', '2022-02-07 19:08:51', '2022-02-07 19:08:51'),
(131, 1, 1, 'EL VECINO', '2022-02-07 19:08:51', '2022-02-07 19:08:51'),
(132, 1, 1, 'GIL RAMIREZ DAVALOS', '2022-02-07 19:08:51', '2022-02-07 19:08:51'),
(133, 1, 1, 'HUAYNACAPAC', '2022-02-07 19:08:51', '2022-02-07 19:08:51'),
(134, 1, 1, 'MACHANGARA', '2022-02-07 19:08:51', '2022-02-07 19:08:51'),
(135, 1, 1, 'MONAY', '2022-02-07 19:08:51', '2022-02-07 19:08:51'),
(136, 1, 1, 'SAN BLAS', '2022-02-07 19:08:51', '2022-02-07 19:08:51'),
(137, 1, 1, 'SAN SEBASTIAN', '2022-02-07 19:08:51', '2022-02-07 19:08:51'),
(138, 1, 1, 'SUCRE', '2022-02-07 19:08:51', '2022-02-07 19:08:51'),
(139, 1, 1, 'TOTORACOCHA', '2022-02-07 19:08:51', '2022-02-07 19:08:51'),
(140, 1, 1, 'YANUNCAY', '2022-02-07 19:08:51', '2022-02-07 19:08:51'),
(141, 1, 1, 'HERMANO MIGUEl', '2022-02-07 19:08:51', '2022-02-07 19:08:51'),
(142, 1, 1, 'BAÑOS', '2022-02-07 19:08:51', '2022-02-07 19:08:51'),
(143, 1, 1, 'CUMBE', '2022-02-07 19:08:51', '2022-02-07 19:08:51'),
(144, 1, 1, 'CHAUCHA', '2022-02-07 19:08:51', '2022-02-07 19:08:51'),
(145, 1, 1, 'CHECA (JIDCAY)', '2022-02-07 19:08:51', '2022-02-07 19:08:51'),
(146, 1, 1, 'CHIQUINTAD', '2022-02-07 19:08:51', '2022-02-07 19:08:51'),
(147, 1, 1, 'LLACAO', '2022-02-07 19:08:51', '2022-02-07 19:08:51'),
(148, 1, 1, 'MOLLETURO', '2022-02-07 19:08:51', '2022-02-07 19:08:51'),
(149, 1, 1, 'NULTI', '2022-02-07 19:08:51', '2022-02-07 19:08:51'),
(150, 1, 1, 'OCTAVIO CORDERO PALACIOS', '2022-02-07 19:08:51', '2022-02-07 19:08:51'),
(151, 1, 1, 'PACCHA', '2022-02-07 19:08:51', '2022-02-07 19:08:51'),
(152, 1, 1, 'QUINGEO', '2022-02-07 19:08:51', '2022-02-07 19:08:51'),
(153, 1, 1, 'RICAURTE', '2022-02-07 19:08:51', '2022-02-07 19:08:51'),
(154, 1, 1, 'SAN JOAQUIN', '2022-02-07 19:08:51', '2022-02-07 19:08:51'),
(155, 1, 1, 'SANTA ANA', '2022-02-07 19:08:51', '2022-02-07 19:08:51'),
(156, 1, 1, 'SAYAUSI', '2022-02-07 19:08:51', '2022-02-07 19:08:51'),
(157, 1, 1, 'SIDCAY', '2022-02-07 19:08:51', '2022-02-07 19:08:51'),
(158, 1, 1, 'SININCAY', '2022-02-07 19:08:51', '2022-02-07 19:08:51'),
(159, 1, 1, 'TARQUI', '2022-02-07 19:08:51', '2022-02-07 19:08:51'),
(160, 1, 1, 'TURI', '2022-02-07 19:08:51', '2022-02-07 19:08:51'),
(161, 1, 1, 'VALLE', '2022-02-07 19:08:51', '2022-02-07 19:08:51'),
(162, 1, 1, 'VICTORIA DEL PORTETE', '2022-02-07 19:08:51', '2022-02-07 19:08:51'),
(163, 1, 2, 'GIRON', '2022-02-07 19:08:51', '2022-02-07 19:08:51'),
(164, 1, 2, 'ASUNCION', '2022-02-07 19:08:51', '2022-02-07 19:08:51'),
(165, 1, 2, 'SAN GERARDO', '2022-02-07 19:08:51', '2022-02-07 19:08:51'),
(166, 1, 3, 'GUALACEO', '2022-02-07 19:08:51', '2022-02-07 19:08:51'),
(167, 1, 3, 'CHORDELEG', '2022-02-07 19:08:51', '2022-02-07 19:08:51'),
(168, 1, 3, 'DANIEL CORDOVA TORAL', '2022-02-07 19:08:51', '2022-02-07 19:08:51'),
(169, 1, 3, 'JADAN', '2022-02-07 19:08:51', '2022-02-07 19:08:51'),
(170, 1, 3, 'MARIANO MORENO', '2022-02-07 19:08:51', '2022-02-07 19:08:51'),
(171, 1, 3, 'PRINCIPAL', '2022-02-07 19:08:51', '2022-02-07 19:08:51'),
(172, 1, 3, 'REMIGIO CRESPO TORAL', '2022-02-07 19:08:51', '2022-02-07 19:08:51'),
(173, 1, 3, 'SAN JUAN', '2022-02-07 19:08:51', '2022-02-07 19:08:51'),
(174, 1, 3, 'ZHIDMAD', '2022-02-07 19:08:51', '2022-02-07 19:08:51'),
(175, 1, 3, 'LUIS CORDERO VEGA', '2022-02-07 19:08:51', '2022-02-07 19:08:51'),
(176, 1, 4, 'NABON', '2022-02-07 19:08:51', '2022-02-07 19:08:51'),
(177, 1, 4, 'COCHAPATA', '2022-02-07 19:08:51', '2022-02-07 19:08:51'),
(178, 1, 4, 'EL PROGRESO', '2022-02-07 19:08:51', '2022-02-07 19:08:51'),
(179, 1, 4, 'LAS NIEVES', '2022-02-07 19:08:51', '2022-02-07 19:08:51'),
(180, 1, 4, 'OÑA', '2022-02-07 19:08:51', '2022-02-07 19:08:51'),
(181, 1, 5, 'PAUTE', '2022-02-07 19:08:51', '2022-02-07 19:08:51'),
(182, 1, 5, 'AMALUZA', '2022-02-07 19:08:51', '2022-02-07 19:08:51'),
(183, 1, 5, 'BULAN', '2022-02-07 19:08:51', '2022-02-07 19:08:51'),
(184, 1, 5, 'CHICAN', '2022-02-07 19:08:51', '2022-02-07 19:08:51'),
(185, 1, 5, 'EL CABO', '2022-02-07 19:08:51', '2022-02-07 19:08:51'),
(186, 1, 5, 'GUACHAPALA', '2022-02-07 19:08:51', '2022-02-07 19:08:51'),
(187, 1, 5, 'GUARAINAG', '2022-02-07 19:08:51', '2022-02-07 19:08:51'),
(188, 1, 5, 'PALMAS', '2022-02-07 19:08:51', '2022-02-07 19:08:51'),
(189, 1, 5, 'PAN', '2022-02-07 19:08:51', '2022-02-07 19:08:51'),
(190, 1, 5, 'SAN CRISTOBAL', '2022-02-07 19:08:51', '2022-02-07 19:08:51'),
(191, 1, 5, 'SEVILLA DE ORO', '2022-02-07 19:08:51', '2022-02-07 19:08:51'),
(192, 1, 5, 'TOMEBAMBA', '2022-02-07 19:08:51', '2022-02-07 19:08:51'),
(193, 1, 5, 'DUG DUG', '2022-02-07 19:08:51', '2022-02-07 19:08:51'),
(194, 1, 6, 'PUCARA', '2022-02-07 19:08:51', '2022-02-07 19:08:51'),
(195, 1, 6, 'CAMILO PONCE ENRIQUEZ', '2022-02-07 19:08:51', '2022-02-07 19:08:51'),
(196, 1, 6, 'SAN RAFAEL DE SHARUG', '2022-02-07 19:08:51', '2022-02-07 19:08:51'),
(197, 1, 7, 'SAN FERNANDO', '2022-02-07 19:08:51', '2022-02-07 19:08:51'),
(198, 1, 7, 'CHUMBLIN', '2022-02-07 19:08:51', '2022-02-07 19:08:51'),
(199, 1, 8, 'SANTA ISABEL', '2022-02-07 19:08:51', '2022-02-07 19:08:51'),
(200, 1, 8, 'ABDON CALDERON', '2022-02-07 19:08:51', '2022-02-07 19:08:51'),
(201, 1, 8, 'EL CARMEN DE PIJILI', '2022-02-07 19:08:51', '2022-02-07 19:08:51'),
(202, 1, 8, 'ZHAGLLI', '2022-02-07 19:08:51', '2022-02-07 19:08:51'),
(203, 1, 9, 'SIGSIG', '2022-02-07 19:08:51', '2022-02-07 19:08:51'),
(204, 1, 9, 'CUCHIL', '2022-02-07 19:08:51', '2022-02-07 19:08:51'),
(205, 1, 9, 'GIMA', '2022-02-07 19:08:51', '2022-02-07 19:08:51'),
(206, 1, 9, 'GUEL', '2022-02-07 19:08:51', '2022-02-07 19:08:51'),
(207, 1, 9, 'LUDO', '2022-02-07 19:08:51', '2022-02-07 19:08:51'),
(208, 1, 9, 'SAN BARTOLOME', '2022-02-07 19:08:51', '2022-02-07 19:08:51'),
(209, 1, 9, 'SAN JOSE DE RARANGA', '2022-02-07 19:08:51', '2022-02-07 19:08:51'),
(210, 1, 10, 'SAN FELIPE DE OÑA', '2022-02-07 19:08:51', '2022-02-07 19:08:51'),
(211, 1, 10, 'SUSUDEL', '2022-02-07 19:08:51', '2022-02-07 19:08:51'),
(212, 1, 11, 'CHORDELEG', '2022-02-07 19:08:51', '2022-02-07 19:08:51'),
(213, 1, 11, 'PRINCIPAL', '2022-02-07 19:08:51', '2022-02-07 19:08:51'),
(214, 1, 11, 'LA UNION', '2022-02-07 19:08:51', '2022-02-07 19:08:51'),
(215, 1, 11, 'LUIS GALARZA ORELLANA', '2022-02-07 19:08:51', '2022-02-07 19:08:51'),
(216, 1, 11, 'SAN MARTIN DE PUZHIO', '2022-02-07 19:08:51', '2022-02-07 19:08:51'),
(217, 1, 12, 'EL PAN', '2022-02-07 19:08:51', '2022-02-07 19:08:51'),
(218, 1, 12, 'AMALUZA', '2022-02-07 19:08:51', '2022-02-07 19:08:51'),
(219, 1, 12, 'PALMAS', '2022-02-07 19:08:51', '2022-02-07 19:08:51'),
(220, 1, 12, 'SAN VICENTE', '2022-02-07 19:08:51', '2022-02-07 19:08:51'),
(221, 1, 13, 'SEVILLA DE ORO', '2022-02-07 19:08:51', '2022-02-07 19:08:51'),
(222, 1, 13, 'AMALUZA', '2022-02-07 19:08:51', '2022-02-07 19:08:51'),
(223, 1, 13, 'PALMAS', '2022-02-07 19:08:51', '2022-02-07 19:08:51'),
(224, 1, 14, 'GUACHAPALA', '2022-02-07 19:08:51', '2022-02-07 19:08:51'),
(225, 1, 15, 'CAMILO PONCE E.', '2022-02-07 19:08:51', '2022-02-07 19:08:51'),
(226, 1, 15, 'EL CARMEN DEL PIJILÍ', '2022-02-07 19:08:51', '2022-02-07 19:08:51'),
(227, 2, 1, 'GUARANDA', '2022-02-07 19:08:51', '2022-02-07 19:08:51'),
(228, 2, 1, 'ANGEL POLIBIO CHAVES', '2022-02-07 19:08:51', '2022-02-07 19:08:51'),
(229, 2, 1, 'GABRIEL I.VEINTIMILLA', '2022-02-07 19:08:51', '2022-02-07 19:08:51'),
(230, 2, 1, 'GUANUJO', '2022-02-07 19:08:51', '2022-02-07 19:08:51'),
(231, 2, 1, 'FACUNDO VELA', '2022-02-07 19:08:51', '2022-02-07 19:08:51'),
(232, 2, 1, 'GUANUJO', '2022-02-07 19:08:51', '2022-02-07 19:08:51'),
(233, 2, 1, 'JULIO E. MORENO', '2022-02-07 19:08:51', '2022-02-07 19:08:51'),
(234, 2, 1, 'LAS NAVES', '2022-02-07 19:08:51', '2022-02-07 19:08:51'),
(235, 2, 1, 'SALINAS', '2022-02-07 19:08:51', '2022-02-07 19:08:51'),
(236, 2, 1, 'SAN LORENZO', '2022-02-07 19:08:51', '2022-02-07 19:08:51'),
(237, 2, 1, 'SAN SIMON', '2022-02-07 19:08:51', '2022-02-07 19:08:51'),
(238, 2, 1, 'SANTAFE', '2022-02-07 19:08:51', '2022-02-07 19:08:51'),
(239, 2, 1, 'SIMIATUG', '2022-02-07 19:08:51', '2022-02-07 19:08:51'),
(240, 2, 1, 'SAN LUIS DE PAMBIL', '2022-02-07 19:08:51', '2022-02-07 19:08:51'),
(241, 2, 2, 'CHILLANES', '2022-02-07 19:08:51', '2022-02-07 19:08:51'),
(242, 2, 2, 'SAN JOSE DEL TAMBO', '2022-02-07 19:08:51', '2022-02-07 19:08:51'),
(243, 2, 3, 'SAN JOSE DE CHIMBO', '2022-02-07 19:08:51', '2022-02-07 19:08:51'),
(244, 2, 3, 'ASUNCION', '2022-02-07 19:08:51', '2022-02-07 19:08:51'),
(245, 2, 3, 'CALUMA', '2022-02-07 19:08:51', '2022-02-07 19:08:51'),
(246, 2, 3, 'MAGDALENA', '2022-02-07 19:08:51', '2022-02-07 19:08:51'),
(247, 2, 3, 'SAN SEBASTIAN', '2022-02-07 19:08:51', '2022-02-07 19:08:51'),
(248, 2, 3, 'TELIMBELA', '2022-02-07 19:08:51', '2022-02-07 19:08:51'),
(249, 2, 4, 'ECHEANDIA', '2022-02-07 19:08:51', '2022-02-07 19:08:51'),
(250, 2, 5, 'SAN MIGUEL', '2022-02-07 19:08:51', '2022-02-07 19:08:51'),
(251, 2, 5, 'BALSAPAMBA', '2022-02-07 19:08:51', '2022-02-07 19:08:51'),
(252, 2, 5, 'BILOVAN', '2022-02-07 19:08:51', '2022-02-07 19:08:51'),
(253, 2, 5, 'REGULO DE MORA', '2022-02-07 19:08:51', '2022-02-07 19:08:51'),
(254, 2, 5, 'SAN PABLO', '2022-02-07 19:08:51', '2022-02-07 19:08:51'),
(255, 2, 5, 'SANTIAGO', '2022-02-07 19:08:51', '2022-02-07 19:08:51'),
(256, 2, 5, 'SAN VICENTE', '2022-02-07 19:08:51', '2022-02-07 19:08:51'),
(257, 2, 6, 'CALUMA', '2022-02-07 19:08:51', '2022-02-07 19:08:51'),
(258, 2, 7, 'LAS MERCEDES', '2022-02-07 19:08:51', '2022-02-07 19:08:51'),
(259, 2, 7, 'LAS NAVES', '2022-02-07 19:08:51', '2022-02-07 19:08:51'),
(260, 3, 1, 'AURELIO BAYAS M.', '2022-02-07 19:08:51', '2022-02-07 19:08:51'),
(261, 3, 1, 'AZOGUES', '2022-02-07 19:08:51', '2022-02-07 19:08:51'),
(262, 3, 1, 'BORRERO', '2022-02-07 19:08:51', '2022-02-07 19:08:51'),
(263, 3, 1, 'SAN FRANCISCO', '2022-02-07 19:08:51', '2022-02-07 19:08:51'),
(264, 3, 1, 'COJITAMBO', '2022-02-07 19:08:51', '2022-02-07 19:08:51'),
(265, 3, 1, 'DELEG', '2022-02-07 19:08:51', '2022-02-07 19:08:51'),
(266, 3, 1, 'GUAPAN', '2022-02-07 19:08:51', '2022-02-07 19:08:51'),
(267, 3, 1, 'JAVIER LOYOLA', '2022-02-07 19:08:51', '2022-02-07 19:08:51'),
(268, 3, 1, 'LUIS CORDERO', '2022-02-07 19:08:51', '2022-02-07 19:08:51'),
(269, 3, 1, 'PINDILIG', '2022-02-07 19:08:51', '2022-02-07 19:08:51'),
(270, 3, 1, 'RIVERA', '2022-02-07 19:08:51', '2022-02-07 19:08:51'),
(271, 3, 1, 'SAN MIGUEL', '2022-02-07 19:08:51', '2022-02-07 19:08:51'),
(272, 3, 1, 'SOLANO', '2022-02-07 19:08:51', '2022-02-07 19:08:51'),
(273, 3, 1, 'TADAY', '2022-02-07 19:08:51', '2022-02-07 19:08:51'),
(274, 3, 2, 'BIBLIAN', '2022-02-07 19:08:51', '2022-02-07 19:08:51'),
(275, 3, 2, 'NAZON', '2022-02-07 19:08:51', '2022-02-07 19:08:51'),
(276, 3, 2, 'SAN FRANCISCO DE SAGEO', '2022-02-07 19:08:51', '2022-02-07 19:08:51'),
(277, 3, 2, 'TURUPAMBA', '2022-02-07 19:08:51', '2022-02-07 19:08:51'),
(278, 3, 2, 'JERUSALEN', '2022-02-07 19:08:51', '2022-02-07 19:08:51'),
(279, 3, 3, 'CAÑAR', '2022-02-07 19:08:51', '2022-02-07 19:08:51'),
(280, 3, 3, 'CHONTAMARCA', '2022-02-07 19:08:51', '2022-02-07 19:08:51'),
(281, 3, 3, 'CHOROCOPTE', '2022-02-07 19:08:51', '2022-02-07 19:08:51'),
(282, 3, 3, 'GENERAL MORALES', '2022-02-07 19:08:51', '2022-02-07 19:08:51'),
(283, 3, 3, 'GUALLETURO', '2022-02-07 19:08:51', '2022-02-07 19:08:51'),
(284, 3, 3, 'HONORATO VASQUEZ', '2022-02-07 19:08:51', '2022-02-07 19:08:51'),
(285, 3, 3, 'INGAPIRCA', '2022-02-07 19:08:51', '2022-02-07 19:08:51'),
(286, 3, 3, 'JUNCAL', '2022-02-07 19:08:51', '2022-02-07 19:08:51'),
(287, 3, 3, 'SAN ANTONIO', '2022-02-07 19:08:51', '2022-02-07 19:08:51'),
(288, 3, 3, 'SUSCAL', '2022-02-07 19:08:51', '2022-02-07 19:08:51'),
(289, 3, 3, 'TAMBO', '2022-02-07 19:08:51', '2022-02-07 19:08:51'),
(290, 3, 3, 'ZHUD', '2022-02-07 19:08:51', '2022-02-07 19:08:51'),
(291, 3, 3, 'VENTURA', '2022-02-07 19:08:51', '2022-02-07 19:08:51'),
(292, 3, 3, 'DUCUR', '2022-02-07 19:08:51', '2022-02-07 19:08:51'),
(293, 3, 4, 'LA TRONCAL', '2022-02-07 19:08:51', '2022-02-07 19:08:51'),
(294, 3, 4, 'MANUEL J. CALLE', '2022-02-07 19:08:51', '2022-02-07 19:08:51'),
(295, 3, 4, 'PANCHO NEGRO', '2022-02-07 19:08:51', '2022-02-07 19:08:51'),
(296, 3, 5, 'EL TAMBO', '2022-02-07 19:08:51', '2022-02-07 19:08:51'),
(297, 3, 6, 'DELEG', '2022-02-07 19:08:51', '2022-02-07 19:08:51'),
(298, 3, 6, 'SOLANO', '2022-02-07 19:08:51', '2022-02-07 19:08:51'),
(299, 3, 7, 'SUSCAL', '2022-02-07 19:08:51', '2022-02-07 19:08:51'),
(300, 4, 1, 'TULCAN', '2022-02-07 19:08:51', '2022-02-07 19:08:51'),
(301, 4, 1, 'GONZALEZ SUAREZ', '2022-02-07 19:08:51', '2022-02-07 19:08:51'),
(302, 4, 1, 'TULCAN', '2022-02-07 19:08:51', '2022-02-07 19:08:51'),
(303, 4, 1, 'EL CARMELO', '2022-02-07 19:08:51', '2022-02-07 19:08:51'),
(304, 4, 1, 'HUACA', '2022-02-07 19:08:51', '2022-02-07 19:08:51'),
(305, 4, 1, 'JULIO ANDRADE', '2022-02-07 19:08:51', '2022-02-07 19:08:51'),
(306, 4, 1, 'MALDONADO', '2022-02-07 19:08:51', '2022-02-07 19:08:51'),
(307, 4, 1, 'PIOTER', '2022-02-07 19:08:51', '2022-02-07 19:08:51'),
(308, 4, 1, 'TOBAR DONOSO', '2022-02-07 19:08:51', '2022-02-07 19:08:51'),
(309, 4, 1, 'TUFIÑO', '2022-02-07 19:08:51', '2022-02-07 19:08:51'),
(310, 4, 1, 'URBINA', '2022-02-07 19:08:51', '2022-02-07 19:08:51'),
(311, 4, 1, 'EL CHICAL', '2022-02-07 19:08:51', '2022-02-07 19:08:51'),
(312, 4, 1, 'MARISCAL SUCRE', '2022-02-07 19:08:51', '2022-02-07 19:08:51'),
(313, 4, 1, 'SANTA MARTHA DE CUBA', '2022-02-07 19:08:51', '2022-02-07 19:08:51'),
(314, 4, 2, 'BOLIVAR', '2022-02-07 19:08:51', '2022-02-07 19:08:51'),
(315, 4, 2, 'GARCIA MORENO', '2022-02-07 19:08:51', '2022-02-07 19:08:51'),
(316, 4, 2, 'LOS ANDES', '2022-02-07 19:08:51', '2022-02-07 19:08:51'),
(317, 4, 2, 'MONTE OLIVO', '2022-02-07 19:08:51', '2022-02-07 19:08:51'),
(318, 4, 2, 'SAN VICENTE DE PUSIR', '2022-02-07 19:08:51', '2022-02-07 19:08:51'),
(319, 4, 2, 'SAN RAFAEL', '2022-02-07 19:08:51', '2022-02-07 19:08:51'),
(320, 4, 3, 'EL ANGEL', '2022-02-07 19:08:51', '2022-02-07 19:08:51'),
(321, 4, 3, 'EL ANGEL', '2022-02-07 19:08:51', '2022-02-07 19:08:51'),
(322, 4, 3, '27 DE SEPTIEMBRE', '2022-02-07 19:08:51', '2022-02-07 19:08:51'),
(323, 4, 3, 'EL GOALTAL', '2022-02-07 19:08:51', '2022-02-07 19:08:51'),
(324, 4, 3, 'LA LIBERTAD', '2022-02-07 19:08:51', '2022-02-07 19:08:51'),
(325, 4, 3, 'SAN ISIDRO', '2022-02-07 19:08:51', '2022-02-07 19:08:51'),
(326, 4, 4, 'MIRA', '2022-02-07 19:08:51', '2022-02-07 19:08:51'),
(327, 4, 4, 'CONCEPCION', '2022-02-07 19:08:51', '2022-02-07 19:08:51'),
(328, 4, 4, 'JIJON Y CAAMAÑO', '2022-02-07 19:08:51', '2022-02-07 19:08:51'),
(329, 4, 4, 'JUAN MONTALVO', '2022-02-07 19:08:51', '2022-02-07 19:08:51'),
(330, 4, 5, 'SAN GABRIEL', '2022-02-07 19:08:51', '2022-02-07 19:08:51'),
(331, 4, 5, 'CRISTOBAL COLON', '2022-02-07 19:08:51', '2022-02-07 19:08:51'),
(332, 4, 5, 'LA PAZ', '2022-02-07 19:08:51', '2022-02-07 19:08:51'),
(333, 4, 5, 'GONZALEZ SUAREZ', '2022-02-07 19:08:51', '2022-02-07 19:08:51'),
(334, 4, 5, 'SAN JOSE', '2022-02-07 19:08:51', '2022-02-07 19:08:51'),
(335, 4, 5, 'CHITAN DE NAVARRETE', '2022-02-07 19:08:51', '2022-02-07 19:08:51'),
(336, 4, 5, 'FERNANDEZ SALVADOR', '2022-02-07 19:08:51', '2022-02-07 19:08:51'),
(337, 4, 5, 'PIARTAL', '2022-02-07 19:08:51', '2022-02-07 19:08:51'),
(338, 4, 6, 'HUACA', '2022-02-07 19:08:51', '2022-02-07 19:08:51'),
(339, 4, 6, 'MARISCAL SUCRE', '2022-02-07 19:08:51', '2022-02-07 19:08:51'),
(340, 5, 1, 'LATACUNGA', '2022-02-07 19:08:51', '2022-02-07 19:08:51'),
(341, 5, 1, 'ELOY ALFARO', '2022-02-07 19:08:51', '2022-02-07 19:08:51'),
(342, 5, 1, 'IGNACIO FLORES', '2022-02-07 19:08:51', '2022-02-07 19:08:51'),
(343, 5, 1, 'JUAN MONTALVO', '2022-02-07 19:08:51', '2022-02-07 19:08:51'),
(344, 5, 1, 'LA MATRIZ', '2022-02-07 19:08:51', '2022-02-07 19:08:51'),
(345, 5, 1, 'SAN BUENAVENTURA', '2022-02-07 19:08:51', '2022-02-07 19:08:51'),
(346, 5, 1, 'ALAQUES', '2022-02-07 19:08:51', '2022-02-07 19:08:51'),
(347, 5, 1, 'BELISARIO QUEVEDO', '2022-02-07 19:08:51', '2022-02-07 19:08:51'),
(348, 5, 1, 'GUAITACAMA', '2022-02-07 19:08:51', '2022-02-07 19:08:51'),
(349, 5, 1, 'JOSEGUANGO BAJO', '2022-02-07 19:08:51', '2022-02-07 19:08:51'),
(350, 5, 1, 'LAS PAMPAS', '2022-02-07 19:08:51', '2022-02-07 19:08:51'),
(351, 5, 1, 'MULALO', '2022-02-07 19:08:51', '2022-02-07 19:08:51'),
(352, 5, 1, '11 DE NOVIEMBRE', '2022-02-07 19:08:51', '2022-02-07 19:08:51'),
(353, 5, 1, 'POALO', '2022-02-07 19:08:51', '2022-02-07 19:08:51'),
(354, 5, 1, 'SAN JUAN DE PASTOCALLE', '2022-02-07 19:08:51', '2022-02-07 19:08:51'),
(355, 5, 1, 'SIGCHOS', '2022-02-07 19:08:51', '2022-02-07 19:08:51'),
(356, 5, 1, 'TANICUCHI', '2022-02-07 19:08:51', '2022-02-07 19:08:51'),
(357, 5, 1, 'TOACASO', '2022-02-07 19:08:51', '2022-02-07 19:08:51'),
(358, 5, 1, 'PALO QUEMADO', '2022-02-07 19:08:51', '2022-02-07 19:08:51'),
(359, 5, 2, 'LA MANA', '2022-02-07 19:08:51', '2022-02-07 19:08:51'),
(360, 5, 2, 'EL CARMEN', '2022-02-07 19:08:51', '2022-02-07 19:08:51'),
(361, 5, 2, 'LA MANA', '2022-02-07 19:08:51', '2022-02-07 19:08:51'),
(362, 5, 2, 'GUASAGANDA', '2022-02-07 19:08:51', '2022-02-07 19:08:51'),
(363, 5, 2, 'PUCAYACU', '2022-02-07 19:08:51', '2022-02-07 19:08:51'),
(364, 5, 3, 'EL CORAZON', '2022-02-07 19:08:51', '2022-02-07 19:08:51'),
(365, 5, 3, 'MORASPUNGO', '2022-02-07 19:08:51', '2022-02-07 19:08:51'),
(366, 5, 3, 'PINLLOPATA', '2022-02-07 19:08:51', '2022-02-07 19:08:51'),
(367, 5, 3, 'RAMON CAMPAÑA', '2022-02-07 19:08:51', '2022-02-07 19:08:51'),
(368, 5, 4, 'PUJILI', '2022-02-07 19:08:51', '2022-02-07 19:08:51'),
(369, 5, 4, 'ANGAMARCA', '2022-02-07 19:08:51', '2022-02-07 19:08:51'),
(370, 5, 4, 'CHUCCHILAN', '2022-02-07 19:08:51', '2022-02-07 19:08:51'),
(371, 5, 4, 'GUANGAJE', '2022-02-07 19:08:51', '2022-02-07 19:08:51'),
(372, 5, 4, 'ISINLIBI', '2022-02-07 19:08:51', '2022-02-07 19:08:51'),
(373, 5, 4, 'LA VICTORIA', '2022-02-07 19:08:51', '2022-02-07 19:08:51'),
(374, 5, 4, 'PILALO', '2022-02-07 19:08:51', '2022-02-07 19:08:51'),
(375, 5, 4, 'TINGO', '2022-02-07 19:08:51', '2022-02-07 19:08:51'),
(376, 5, 4, 'ZUMBAHUA', '2022-02-07 19:08:51', '2022-02-07 19:08:51'),
(377, 5, 5, 'SAN MIGUEL', '2022-02-07 19:08:51', '2022-02-07 19:08:51'),
(378, 5, 5, 'ANTONIO JOSE HOLGUIN', '2022-02-07 19:08:51', '2022-02-07 19:08:51'),
(379, 5, 5, 'CUSUBAMBA', '2022-02-07 19:08:51', '2022-02-07 19:08:51'),
(380, 5, 5, 'MULALILLO', '2022-02-07 19:08:51', '2022-02-07 19:08:51'),
(381, 5, 5, 'MULLIQUINDIL', '2022-02-07 19:08:51', '2022-02-07 19:08:51'),
(382, 5, 5, 'PANSALEO', '2022-02-07 19:08:51', '2022-02-07 19:08:51'),
(383, 5, 6, 'SAQUISILI', '2022-02-07 19:08:51', '2022-02-07 19:08:51'),
(384, 5, 6, 'CANCHAGUA', '2022-02-07 19:08:51', '2022-02-07 19:08:51'),
(385, 5, 6, 'CHANTILIN', '2022-02-07 19:08:51', '2022-02-07 19:08:51'),
(386, 5, 6, 'COCHAPAMBA', '2022-02-07 19:08:51', '2022-02-07 19:08:51'),
(387, 5, 7, 'SIGCHOS', '2022-02-07 19:08:51', '2022-02-07 19:08:51'),
(388, 5, 7, 'CHUGCHILLAN', '2022-02-07 19:08:51', '2022-02-07 19:08:51'),
(389, 5, 7, 'ISINLIVI', '2022-02-07 19:08:51', '2022-02-07 19:08:51'),
(390, 5, 7, 'LAS PAMPAS', '2022-02-07 19:08:51', '2022-02-07 19:08:51'),
(391, 5, 7, 'PALO QUEMADO', '2022-02-07 19:08:51', '2022-02-07 19:08:51'),
(392, 6, 1, 'RIOBAMBA', '2022-02-07 19:08:51', '2022-02-07 19:08:51'),
(393, 6, 1, 'LIZARZABURU', '2022-02-07 19:08:51', '2022-02-07 19:08:51'),
(394, 6, 1, 'MALDONADO', '2022-02-07 19:08:51', '2022-02-07 19:08:51'),
(395, 6, 1, 'VELASCO', '2022-02-07 19:08:51', '2022-02-07 19:08:51'),
(396, 6, 1, 'VELOZ', '2022-02-07 19:08:51', '2022-02-07 19:08:51'),
(397, 6, 1, 'YARUQUIES', '2022-02-07 19:08:51', '2022-02-07 19:08:51'),
(398, 6, 1, 'LICAN', '2022-02-07 19:08:51', '2022-02-07 19:08:51'),
(399, 6, 1, 'CACHA', '2022-02-07 19:08:51', '2022-02-07 19:08:51'),
(400, 6, 1, 'CALPI', '2022-02-07 19:08:51', '2022-02-07 19:08:51'),
(401, 6, 1, 'CUBIJIES', '2022-02-07 19:08:51', '2022-02-07 19:08:51'),
(402, 6, 1, 'FLORES', '2022-02-07 19:08:51', '2022-02-07 19:08:51'),
(403, 6, 1, 'LICAN', '2022-02-07 19:08:51', '2022-02-07 19:08:51'),
(404, 6, 1, 'LICTO', '2022-02-07 19:08:51', '2022-02-07 19:08:51'),
(405, 6, 1, 'PUNGALA', '2022-02-07 19:08:51', '2022-02-07 19:08:51'),
(406, 6, 1, 'PUNIN', '2022-02-07 19:08:51', '2022-02-07 19:08:51'),
(407, 6, 1, 'QUIMIAG', '2022-02-07 19:08:51', '2022-02-07 19:08:51'),
(408, 6, 1, 'SAN JUAN', '2022-02-07 19:08:51', '2022-02-07 19:08:51'),
(409, 6, 1, 'SAN LUIS', '2022-02-07 19:08:51', '2022-02-07 19:08:51'),
(410, 6, 2, 'ALAUSI', '2022-02-07 19:08:51', '2022-02-07 19:08:51'),
(411, 6, 2, 'ACHUPALLAS', '2022-02-07 19:08:51', '2022-02-07 19:08:51'),
(412, 6, 2, 'CUMANDA', '2022-02-07 19:08:51', '2022-02-07 19:08:51'),
(413, 6, 2, 'GUASUNTOS', '2022-02-07 19:08:51', '2022-02-07 19:08:51'),
(414, 6, 2, 'HUIGRA', '2022-02-07 19:08:51', '2022-02-07 19:08:51'),
(415, 6, 2, 'MULTITUD', '2022-02-07 19:08:51', '2022-02-07 19:08:51'),
(416, 6, 2, 'PISTISHI', '2022-02-07 19:08:51', '2022-02-07 19:08:51'),
(417, 6, 2, 'PUMALLACTA', '2022-02-07 19:08:51', '2022-02-07 19:08:51'),
(418, 6, 2, 'SEVILLA', '2022-02-07 19:08:51', '2022-02-07 19:08:51'),
(419, 6, 2, 'SIBAMBE', '2022-02-07 19:08:51', '2022-02-07 19:08:51'),
(420, 6, 2, 'TIXAN', '2022-02-07 19:08:51', '2022-02-07 19:08:51'),
(421, 6, 3, 'VILLA LA UNION', '2022-02-07 19:08:51', '2022-02-07 19:08:51'),
(422, 6, 3, 'CAJABAMBA', '2022-02-07 19:08:51', '2022-02-07 19:08:51'),
(423, 6, 3, 'SICALPA', '2022-02-07 19:08:51', '2022-02-07 19:08:51'),
(424, 6, 3, 'CAÑI', '2022-02-07 19:08:51', '2022-02-07 19:08:51'),
(425, 6, 3, 'COLUMBE', '2022-02-07 19:08:51', '2022-02-07 19:08:51'),
(426, 6, 3, 'JUAN DE VELASCO', '2022-02-07 19:08:51', '2022-02-07 19:08:51'),
(427, 6, 3, 'SANTIAGO DE QUITO', '2022-02-07 19:08:51', '2022-02-07 19:08:51'),
(428, 6, 4, 'CHAMBO', '2022-02-07 19:08:51', '2022-02-07 19:08:51'),
(429, 6, 5, 'CHUNCHI', '2022-02-07 19:08:51', '2022-02-07 19:08:51'),
(430, 6, 5, 'CAPZOL', '2022-02-07 19:08:51', '2022-02-07 19:08:51'),
(431, 6, 5, 'COMPUD', '2022-02-07 19:08:51', '2022-02-07 19:08:51'),
(432, 6, 5, 'GONZOL', '2022-02-07 19:08:51', '2022-02-07 19:08:51'),
(433, 6, 5, 'LLAGOS', '2022-02-07 19:08:51', '2022-02-07 19:08:51'),
(434, 6, 6, 'GUAMOTE', '2022-02-07 19:08:51', '2022-02-07 19:08:51'),
(435, 6, 6, 'CEBADAS', '2022-02-07 19:08:51', '2022-02-07 19:08:51'),
(436, 6, 6, 'PALMIRA', '2022-02-07 19:08:51', '2022-02-07 19:08:51'),
(437, 6, 7, 'GUANO', '2022-02-07 19:08:51', '2022-02-07 19:08:51'),
(438, 6, 7, 'EL ROSARIO', '2022-02-07 19:08:51', '2022-02-07 19:08:51'),
(439, 6, 7, 'LA MATRIZ', '2022-02-07 19:08:51', '2022-02-07 19:08:51'),
(440, 6, 7, 'ILAPO', '2022-02-07 19:08:51', '2022-02-07 19:08:51'),
(441, 6, 7, 'LA PROVIDENCIA', '2022-02-07 19:08:51', '2022-02-07 19:08:51'),
(442, 6, 7, 'SAN ANDRES', '2022-02-07 19:08:51', '2022-02-07 19:08:51'),
(443, 6, 7, 'SAN ISIDRO DE PATULU', '2022-02-07 19:08:51', '2022-02-07 19:08:51'),
(444, 6, 7, 'SAN JOSE DEL CHAZO', '2022-02-07 19:08:51', '2022-02-07 19:08:51'),
(445, 6, 7, 'SANTA FE DE GALAN', '2022-02-07 19:08:51', '2022-02-07 19:08:51'),
(446, 6, 7, 'GUANANDO', '2022-02-07 19:08:51', '2022-02-07 19:08:51'),
(447, 6, 7, 'S GERARDO DE PACAICAGUAN', '2022-02-07 19:08:51', '2022-02-07 19:08:51'),
(448, 6, 7, 'VALPARAISO', '2022-02-07 19:08:51', '2022-02-07 19:08:51'),
(449, 6, 8, 'PALLATANGA', '2022-02-07 19:08:51', '2022-02-07 19:08:51'),
(450, 6, 9, 'PENIPE', '2022-02-07 19:08:51', '2022-02-07 19:08:51'),
(451, 6, 9, 'EL ALTAR', '2022-02-07 19:08:51', '2022-02-07 19:08:51'),
(452, 6, 9, 'MATUS', '2022-02-07 19:08:51', '2022-02-07 19:08:51'),
(453, 6, 9, 'PUELA', '2022-02-07 19:08:51', '2022-02-07 19:08:51'),
(454, 6, 9, 'SAN ANTONIO DE BAYUSHIG', '2022-02-07 19:08:51', '2022-02-07 19:08:51'),
(455, 6, 9, 'LA CANDELARIA', '2022-02-07 19:08:51', '2022-02-07 19:08:51'),
(456, 6, 9, 'BILBAO', '2022-02-07 19:08:51', '2022-02-07 19:08:51'),
(457, 6, 10, 'CUMANDA', '2022-02-07 19:08:51', '2022-02-07 19:08:51'),
(458, 7, 1, 'MACHALA', '2022-02-07 19:08:51', '2022-02-07 19:08:51'),
(459, 7, 1, 'LA PROVIDENCIA', '2022-02-07 19:08:51', '2022-02-07 19:08:51'),
(460, 7, 1, 'MACHALA', '2022-02-07 19:08:51', '2022-02-07 19:08:51'),
(461, 7, 1, 'PUERTO BOLIVAR', '2022-02-07 19:08:51', '2022-02-07 19:08:51'),
(462, 7, 1, 'NUEVE DE MAYO', '2022-02-07 19:08:51', '2022-02-07 19:08:51'),
(463, 7, 1, 'EL CAMBIO', '2022-02-07 19:08:51', '2022-02-07 19:08:51'),
(464, 7, 1, 'EL CAMBIO', '2022-02-07 19:08:51', '2022-02-07 19:08:51'),
(465, 7, 1, 'EL RETIRO', '2022-02-07 19:08:51', '2022-02-07 19:08:51'),
(466, 7, 2, 'ARENILLAS', '2022-02-07 19:08:51', '2022-02-07 19:08:51'),
(467, 7, 2, 'CHACRAS', '2022-02-07 19:08:51', '2022-02-07 19:08:51'),
(468, 7, 2, ' LA LIBERTAD', '2022-02-07 19:08:51', '2022-02-07 19:08:51'),
(469, 7, 2, 'LAS LAJAS', '2022-02-07 19:08:51', '2022-02-07 19:08:51'),
(470, 7, 2, 'PALMALES', '2022-02-07 19:08:51', '2022-02-07 19:08:51'),
(471, 7, 2, 'CARCABON', '2022-02-07 19:08:51', '2022-02-07 19:08:51'),
(472, 7, 3, 'PACCHA', '2022-02-07 19:08:51', '2022-02-07 19:08:51'),
(473, 7, 3, 'AYAPAMBA', '2022-02-07 19:08:51', '2022-02-07 19:08:51'),
(474, 7, 3, 'CORDONCILLO', '2022-02-07 19:08:51', '2022-02-07 19:08:51'),
(475, 7, 3, 'MILAGRO', '2022-02-07 19:08:51', '2022-02-07 19:08:51'),
(476, 7, 3, 'SAN JOSE', '2022-02-07 19:08:51', '2022-02-07 19:08:51'),
(477, 7, 3, 'SAN JUAN DE CERRO AZUL', '2022-02-07 19:08:51', '2022-02-07 19:08:51'),
(478, 7, 4, 'BALSAS,', '2022-02-07 19:08:51', '2022-02-07 19:08:51'),
(479, 7, 4, 'BELLAMARIA', '2022-02-07 19:08:51', '2022-02-07 19:08:51'),
(480, 7, 5, 'CHILLA', '2022-02-07 19:08:51', '2022-02-07 19:08:51'),
(481, 7, 6, 'EL GUABO', '2022-02-07 19:08:51', '2022-02-07 19:08:51'),
(482, 7, 6, 'BARBONES', '2022-02-07 19:08:51', '2022-02-07 19:08:51'),
(483, 7, 6, 'LA IBERIA', '2022-02-07 19:08:52', '2022-02-07 19:08:52'),
(484, 7, 6, 'TENDALES', '2022-02-07 19:08:52', '2022-02-07 19:08:52'),
(485, 7, 6, 'RIO BONITO', '2022-02-07 19:08:52', '2022-02-07 19:08:52'),
(486, 7, 7, 'HUAQUILLAS', '2022-02-07 19:08:52', '2022-02-07 19:08:52'),
(487, 7, 7, 'ECUADOR', '2022-02-07 19:08:52', '2022-02-07 19:08:52'),
(488, 7, 7, 'EL PARAISO', '2022-02-07 19:08:52', '2022-02-07 19:08:52'),
(489, 7, 7, 'HUALTACO', '2022-02-07 19:08:52', '2022-02-07 19:08:52'),
(490, 7, 7, 'MILTON REYES', '2022-02-07 19:08:52', '2022-02-07 19:08:52'),
(491, 7, 7, 'UNION LOJANA', '2022-02-07 19:08:52', '2022-02-07 19:08:52'),
(492, 7, 8, 'MARCABELI', '2022-02-07 19:08:52', '2022-02-07 19:08:52'),
(493, 7, 8, 'EL INGENIO', '2022-02-07 19:08:52', '2022-02-07 19:08:52'),
(494, 7, 9, 'PASAJE', '2022-02-07 19:08:52', '2022-02-07 19:08:52'),
(495, 7, 9, 'BOLIVAR', '2022-02-07 19:08:52', '2022-02-07 19:08:52'),
(496, 7, 9, 'LOMA DE FRANCO', '2022-02-07 19:08:52', '2022-02-07 19:08:52'),
(497, 7, 9, 'OCHOA LEON', '2022-02-07 19:08:52', '2022-02-07 19:08:52'),
(498, 7, 9, 'TRES CERRITOS', '2022-02-07 19:08:52', '2022-02-07 19:08:52'),
(499, 7, 9, 'BUENAVISTA', '2022-02-07 19:08:52', '2022-02-07 19:08:52'),
(500, 7, 9, 'CASACAY', '2022-02-07 19:08:52', '2022-02-07 19:08:52'),
(501, 7, 9, 'LA PEAÑA', '2022-02-07 19:08:52', '2022-02-07 19:08:52'),
(502, 7, 9, 'PROGRESO', '2022-02-07 19:08:52', '2022-02-07 19:08:52'),
(503, 7, 9, 'UZHCURRUMI', '2022-02-07 19:08:52', '2022-02-07 19:08:52'),
(504, 7, 9, 'CAÑAQUEMADA', '2022-02-07 19:08:52', '2022-02-07 19:08:52'),
(505, 7, 10, 'PIÑAS', '2022-02-07 19:08:52', '2022-02-07 19:08:52'),
(506, 7, 10, 'LA MATRIZ', '2022-02-07 19:08:52', '2022-02-07 19:08:52'),
(507, 7, 10, 'LA SUSAYA', '2022-02-07 19:08:52', '2022-02-07 19:08:52'),
(508, 7, 10, 'PIÑAS GRANDE', '2022-02-07 19:08:52', '2022-02-07 19:08:52'),
(509, 7, 10, 'CAPIRO', '2022-02-07 19:08:52', '2022-02-07 19:08:52'),
(510, 7, 10, 'LA BOCANA', '2022-02-07 19:08:52', '2022-02-07 19:08:52'),
(511, 7, 10, 'MOROMORO', '2022-02-07 19:08:52', '2022-02-07 19:08:52'),
(512, 7, 10, 'PIEDRAS', '2022-02-07 19:08:52', '2022-02-07 19:08:52'),
(513, 7, 10, 'SAN ROQUE', '2022-02-07 19:08:52', '2022-02-07 19:08:52'),
(514, 7, 10, 'SARACAY', '2022-02-07 19:08:52', '2022-02-07 19:08:52'),
(515, 7, 11, 'PORTOVELO', '2022-02-07 19:08:52', '2022-02-07 19:08:52'),
(516, 7, 11, 'CURTINCAPA', '2022-02-07 19:08:52', '2022-02-07 19:08:52'),
(517, 7, 11, 'MORALES', '2022-02-07 19:08:52', '2022-02-07 19:08:52'),
(518, 7, 11, 'SALATI', '2022-02-07 19:08:52', '2022-02-07 19:08:52'),
(519, 7, 12, 'SANTA ROSA', '2022-02-07 19:08:52', '2022-02-07 19:08:52'),
(520, 7, 12, 'PUERTO JELI', '2022-02-07 19:08:52', '2022-02-07 19:08:52'),
(521, 7, 12, 'NUEVO SANTA ROSA', '2022-02-07 19:08:52', '2022-02-07 19:08:52'),
(522, 7, 12, 'BELLAVISTA', '2022-02-07 19:08:52', '2022-02-07 19:08:52'),
(523, 7, 12, 'JAMBELI', '2022-02-07 19:08:52', '2022-02-07 19:08:52'),
(524, 7, 12, 'LA AVANZADA', '2022-02-07 19:08:52', '2022-02-07 19:08:52'),
(525, 7, 12, 'SAN ANTONIO', '2022-02-07 19:08:52', '2022-02-07 19:08:52'),
(526, 7, 12, 'TORATA', '2022-02-07 19:08:52', '2022-02-07 19:08:52'),
(527, 7, 12, 'VICTORIA', '2022-02-07 19:08:52', '2022-02-07 19:08:52'),
(528, 7, 12, 'BELLAMARIA', '2022-02-07 19:08:52', '2022-02-07 19:08:52'),
(529, 7, 13, 'ZARUMA', '2022-02-07 19:08:52', '2022-02-07 19:08:52'),
(530, 7, 13, 'ABAÑIN', '2022-02-07 19:08:52', '2022-02-07 19:08:52'),
(531, 7, 13, 'ARCAPAMBA', '2022-02-07 19:08:52', '2022-02-07 19:08:52'),
(532, 7, 13, 'GUANAZAN', '2022-02-07 19:08:52', '2022-02-07 19:08:52'),
(533, 7, 13, 'GUIZHAGUIÑA', '2022-02-07 19:08:52', '2022-02-07 19:08:52'),
(534, 7, 13, 'HUERTAS', '2022-02-07 19:08:52', '2022-02-07 19:08:52'),
(535, 7, 13, 'MALVAS', '2022-02-07 19:08:52', '2022-02-07 19:08:52'),
(536, 7, 13, 'MULUNCAY GRANDE', '2022-02-07 19:08:52', '2022-02-07 19:08:52'),
(537, 7, 13, 'SINSAO', '2022-02-07 19:08:52', '2022-02-07 19:08:52'),
(538, 7, 13, 'SALVIAS', '2022-02-07 19:08:52', '2022-02-07 19:08:52'),
(539, 7, 14, 'LA VICTORIA', '2022-02-07 19:08:52', '2022-02-07 19:08:52'),
(540, 7, 14, 'LA LIBERTAD', '2022-02-07 19:08:52', '2022-02-07 19:08:52'),
(541, 7, 14, 'EL PARAISO', '2022-02-07 19:08:52', '2022-02-07 19:08:52'),
(542, 7, 14, 'SAN ISIDRO', '2022-02-07 19:08:52', '2022-02-07 19:08:52'),
(543, 8, 1, 'ESMERALDAS', '2022-02-07 19:08:52', '2022-02-07 19:08:52'),
(544, 8, 1, 'BARTOLOME RUIZ', '2022-02-07 19:08:52', '2022-02-07 19:08:52'),
(545, 8, 1, '5 DE AGOSTO', '2022-02-07 19:08:52', '2022-02-07 19:08:52'),
(546, 8, 1, 'ESMERALDAS', '2022-02-07 19:08:52', '2022-02-07 19:08:52'),
(547, 8, 1, 'LUIS TELLO', '2022-02-07 19:08:52', '2022-02-07 19:08:52'),
(548, 8, 1, 'ATACAMES', '2022-02-07 19:08:52', '2022-02-07 19:08:52'),
(549, 8, 1, 'CAMARONES', '2022-02-07 19:08:52', '2022-02-07 19:08:52'),
(550, 8, 1, 'CRNEL. CARLOS CONCHA T', '2022-02-07 19:08:52', '2022-02-07 19:08:52'),
(551, 8, 1, 'CHINCA', '2022-02-07 19:08:52', '2022-02-07 19:08:52'),
(552, 8, 1, 'CHONTADURO', '2022-02-07 19:08:52', '2022-02-07 19:08:52'),
(553, 8, 1, 'CHUMUNDE', '2022-02-07 19:08:52', '2022-02-07 19:08:52'),
(554, 8, 1, 'LAGARTO', '2022-02-07 19:08:52', '2022-02-07 19:08:52'),
(555, 8, 1, 'LA UNION', '2022-02-07 19:08:52', '2022-02-07 19:08:52'),
(556, 8, 1, 'MAJUA', '2022-02-07 19:08:52', '2022-02-07 19:08:52'),
(557, 8, 1, 'MONTALVO', '2022-02-07 19:08:52', '2022-02-07 19:08:52'),
(558, 8, 1, 'RIO VERDE', '2022-02-07 19:08:52', '2022-02-07 19:08:52'),
(559, 8, 1, 'ROCAFUERTE', '2022-02-07 19:08:52', '2022-02-07 19:08:52'),
(560, 8, 1, 'SAN MATEO', '2022-02-07 19:08:52', '2022-02-07 19:08:52'),
(561, 8, 1, 'SUA', '2022-02-07 19:08:52', '2022-02-07 19:08:52'),
(562, 8, 1, 'TABIAZO', '2022-02-07 19:08:52', '2022-02-07 19:08:52'),
(563, 8, 1, 'TACHINA', '2022-02-07 19:08:52', '2022-02-07 19:08:52'),
(564, 8, 1, 'TONCHIGUE', '2022-02-07 19:08:52', '2022-02-07 19:08:52'),
(565, 8, 1, 'VUELTA LARGA', '2022-02-07 19:08:52', '2022-02-07 19:08:52'),
(566, 8, 2, 'VALDEZ (LIMONES)', '2022-02-07 19:08:52', '2022-02-07 19:08:52'),
(567, 8, 2, 'ANCHAYACU', '2022-02-07 19:08:52', '2022-02-07 19:08:52'),
(568, 8, 2, 'ATAHUALPA', '2022-02-07 19:08:52', '2022-02-07 19:08:52'),
(569, 8, 2, 'BORBON', '2022-02-07 19:08:52', '2022-02-07 19:08:52'),
(570, 8, 2, 'LA TOLA', '2022-02-07 19:08:52', '2022-02-07 19:08:52'),
(571, 8, 2, 'LUIS VARGAS TORRES', '2022-02-07 19:08:52', '2022-02-07 19:08:52'),
(572, 8, 2, 'MALDONADO', '2022-02-07 19:08:52', '2022-02-07 19:08:52'),
(573, 8, 2, 'PAMPANAL DE BOLIVAR', '2022-02-07 19:08:52', '2022-02-07 19:08:52'),
(574, 8, 2, 'SAN FRANCISCO DE ONZOLE', '2022-02-07 19:08:52', '2022-02-07 19:08:52'),
(575, 8, 2, 'STO DOMINGO DE ONZOLE', '2022-02-07 19:08:52', '2022-02-07 19:08:52'),
(576, 8, 2, 'SELVA ALEGRE', '2022-02-07 19:08:52', '2022-02-07 19:08:52'),
(577, 8, 2, 'TELEMBI', '2022-02-07 19:08:52', '2022-02-07 19:08:52'),
(578, 8, 2, 'COLON ELOY DEL MARIA', '2022-02-07 19:08:52', '2022-02-07 19:08:52'),
(579, 8, 2, 'SAN JOSE DE CAYAPAS', '2022-02-07 19:08:52', '2022-02-07 19:08:52'),
(580, 8, 2, 'TIMBIRE', '2022-02-07 19:08:52', '2022-02-07 19:08:52'),
(581, 8, 3, 'MUISNE', '2022-02-07 19:08:52', '2022-02-07 19:08:52'),
(582, 8, 3, 'BOLIVAR', '2022-02-07 19:08:52', '2022-02-07 19:08:52'),
(583, 8, 3, 'DAULE', '2022-02-07 19:08:52', '2022-02-07 19:08:52'),
(584, 8, 3, 'GALERA', '2022-02-07 19:08:52', '2022-02-07 19:08:52'),
(585, 8, 3, 'QUINGUE', '2022-02-07 19:08:52', '2022-02-07 19:08:52'),
(586, 8, 3, 'SALIMA', '2022-02-07 19:08:52', '2022-02-07 19:08:52'),
(587, 8, 3, 'SAN FRANCISCO', '2022-02-07 19:08:52', '2022-02-07 19:08:52'),
(588, 8, 3, 'SAN GREGORIO', '2022-02-07 19:08:52', '2022-02-07 19:08:52'),
(589, 8, 3, 'SAN JOSE DE CHAMANGA', '2022-02-07 19:08:52', '2022-02-07 19:08:52'),
(590, 8, 4, 'ROSA ZARATE', '2022-02-07 19:08:52', '2022-02-07 19:08:52'),
(591, 8, 4, 'CUBE', '2022-02-07 19:08:52', '2022-02-07 19:08:52'),
(592, 8, 4, 'CHURA', '2022-02-07 19:08:52', '2022-02-07 19:08:52'),
(593, 8, 4, 'MALIMPIA', '2022-02-07 19:08:52', '2022-02-07 19:08:52'),
(594, 8, 4, 'VICHE', '2022-02-07 19:08:52', '2022-02-07 19:08:52'),
(595, 8, 4, 'LA UNION', '2022-02-07 19:08:52', '2022-02-07 19:08:52'),
(596, 8, 5, 'SAN LORENZO', '2022-02-07 19:08:52', '2022-02-07 19:08:52'),
(597, 8, 5, 'ALTO TAMBO', '2022-02-07 19:08:52', '2022-02-07 19:08:52'),
(598, 8, 5, 'ANCON', '2022-02-07 19:08:52', '2022-02-07 19:08:52'),
(599, 8, 5, 'CALDERON', '2022-02-07 19:08:52', '2022-02-07 19:08:52'),
(600, 8, 5, 'CARONDELET', '2022-02-07 19:08:52', '2022-02-07 19:08:52'),
(601, 8, 5, '5 DE JUNIO', '2022-02-07 19:08:52', '2022-02-07 19:08:52'),
(602, 8, 5, 'CONCEPCION', '2022-02-07 19:08:52', '2022-02-07 19:08:52'),
(603, 8, 5, 'MATAJE', '2022-02-07 19:08:52', '2022-02-07 19:08:52'),
(604, 8, 5, 'SAN JAVIER DE CACHAVI', '2022-02-07 19:08:52', '2022-02-07 19:08:52'),
(605, 8, 5, 'SANTA RITA', '2022-02-07 19:08:52', '2022-02-07 19:08:52'),
(606, 8, 5, 'TAMBILLO', '2022-02-07 19:08:52', '2022-02-07 19:08:52'),
(607, 8, 5, 'TULULBI', '2022-02-07 19:08:52', '2022-02-07 19:08:52'),
(608, 8, 5, 'URBINA', '2022-02-07 19:08:52', '2022-02-07 19:08:52'),
(609, 8, 6, 'ATACAMES', '2022-02-07 19:08:52', '2022-02-07 19:08:52'),
(610, 8, 6, 'LA UNION', '2022-02-07 19:08:52', '2022-02-07 19:08:52'),
(611, 8, 6, 'SUA', '2022-02-07 19:08:52', '2022-02-07 19:08:52'),
(612, 8, 6, 'TONCHIGUE', '2022-02-07 19:08:52', '2022-02-07 19:08:52'),
(613, 8, 6, 'TONSUPA', '2022-02-07 19:08:52', '2022-02-07 19:08:52'),
(614, 8, 7, 'RIOVERDE', '2022-02-07 19:08:52', '2022-02-07 19:08:52'),
(615, 8, 7, 'CHONTADURO', '2022-02-07 19:08:52', '2022-02-07 19:08:52'),
(616, 8, 7, 'CHUMUNDE', '2022-02-07 19:08:52', '2022-02-07 19:08:52'),
(617, 8, 7, 'LAGARTO', '2022-02-07 19:08:52', '2022-02-07 19:08:52'),
(618, 8, 7, 'MONTALVO', '2022-02-07 19:08:52', '2022-02-07 19:08:52'),
(619, 8, 7, 'ROCAFUERTE', '2022-02-07 19:08:52', '2022-02-07 19:08:52'),
(620, 9, 1, 'GUAYAQUIL', '2022-02-07 19:08:52', '2022-02-07 19:08:52'),
(621, 9, 1, 'AYACUCHO', '2022-02-07 19:08:52', '2022-02-07 19:08:52'),
(622, 9, 1, 'BOLIVAR', '2022-02-07 19:08:52', '2022-02-07 19:08:52'),
(623, 9, 1, 'CARBO (CONCEPCION)', '2022-02-07 19:08:52', '2022-02-07 19:08:52'),
(624, 9, 1, 'FEBRES CORDERO', '2022-02-07 19:08:52', '2022-02-07 19:08:52'),
(625, 9, 1, 'GARCIA MORENO', '2022-02-07 19:08:52', '2022-02-07 19:08:52'),
(626, 9, 1, 'LETAMENDI', '2022-02-07 19:08:52', '2022-02-07 19:08:52'),
(627, 9, 1, 'NUEVE DE OCTUBRE', '2022-02-07 19:08:52', '2022-02-07 19:08:52'),
(628, 9, 1, 'OLMEDO', '2022-02-07 19:08:52', '2022-02-07 19:08:52'),
(629, 9, 1, 'ROCA', '2022-02-07 19:08:52', '2022-02-07 19:08:52'),
(630, 9, 1, 'ROCAFUERTE', '2022-02-07 19:08:52', '2022-02-07 19:08:52'),
(631, 9, 1, 'SUCRE', '2022-02-07 19:08:52', '2022-02-07 19:08:52'),
(632, 9, 1, 'TARQUI', '2022-02-07 19:08:52', '2022-02-07 19:08:52'),
(633, 9, 1, 'URDANETA', '2022-02-07 19:08:52', '2022-02-07 19:08:52'),
(634, 9, 1, 'XIMENA', '2022-02-07 19:08:52', '2022-02-07 19:08:52'),
(635, 9, 1, 'CHONGON', '2022-02-07 19:08:52', '2022-02-07 19:08:52'),
(636, 9, 1, 'PASCUALES', '2022-02-07 19:08:52', '2022-02-07 19:08:52'),
(637, 9, 1, 'CHONGON', '2022-02-07 19:08:52', '2022-02-07 19:08:52'),
(638, 9, 1, 'JUAN GOMEZ RENDON', '2022-02-07 19:08:52', '2022-02-07 19:08:52'),
(639, 9, 1, 'MORRO', '2022-02-07 19:08:52', '2022-02-07 19:08:52'),
(640, 9, 1, 'PASCUALES', '2022-02-07 19:08:52', '2022-02-07 19:08:52'),
(641, 9, 1, 'PLAYAS', '2022-02-07 19:08:52', '2022-02-07 19:08:52'),
(642, 9, 1, 'POSORJA', '2022-02-07 19:08:52', '2022-02-07 19:08:52'),
(643, 9, 1, 'PUNA', '2022-02-07 19:08:52', '2022-02-07 19:08:52'),
(644, 9, 1, 'TENGUEL', '2022-02-07 19:08:52', '2022-02-07 19:08:52'),
(645, 9, 2, 'ALFREDO BAQUERIZO M', '2022-02-07 19:08:52', '2022-02-07 19:08:52'),
(646, 9, 3, 'BALAO', '2022-02-07 19:08:52', '2022-02-07 19:08:52'),
(647, 9, 4, 'BALZAR', '2022-02-07 19:08:52', '2022-02-07 19:08:52'),
(648, 9, 5, 'COLIMES', '2022-02-07 19:08:52', '2022-02-07 19:08:52'),
(649, 9, 5, 'SAN JACINTO', '2022-02-07 19:08:52', '2022-02-07 19:08:52'),
(650, 9, 6, 'DAULE', '2022-02-07 19:08:52', '2022-02-07 19:08:52'),
(651, 9, 6, 'DAULE', '2022-02-07 19:08:52', '2022-02-07 19:08:52'),
(652, 9, 6, 'LA AURORA', '2022-02-07 19:08:52', '2022-02-07 19:08:52'),
(653, 9, 6, 'ISIDRO AYORA', '2022-02-07 19:08:52', '2022-02-07 19:08:52'),
(654, 9, 6, 'JUAN BAUTISTA AGUIRRE', '2022-02-07 19:08:52', '2022-02-07 19:08:52'),
(655, 9, 6, 'LAUREL', '2022-02-07 19:08:52', '2022-02-07 19:08:52'),
(656, 9, 6, 'LIMONAL', '2022-02-07 19:08:52', '2022-02-07 19:08:52'),
(657, 9, 6, 'LOMAS DE SARGENTILLO', '2022-02-07 19:08:52', '2022-02-07 19:08:52'),
(658, 9, 6, 'LOS LOJAS', '2022-02-07 19:08:52', '2022-02-07 19:08:52'),
(659, 9, 6, 'PIEDRAHITA', '2022-02-07 19:08:52', '2022-02-07 19:08:52'),
(660, 9, 7, 'ELOY ALFARO', '2022-02-07 19:08:52', '2022-02-07 19:08:52'),
(661, 9, 8, 'VELASCO IBARRA', '2022-02-07 19:08:52', '2022-02-07 19:08:52'),
(662, 9, 8, 'GUAYAS', '2022-02-07 19:08:52', '2022-02-07 19:08:52'),
(663, 9, 8, 'EL ROSARIO', '2022-02-07 19:08:52', '2022-02-07 19:08:52'),
(664, 9, 9, 'EL TRIUNFO', '2022-02-07 19:08:52', '2022-02-07 19:08:52'),
(665, 9, 10, 'MILAGRO', '2022-02-07 19:08:52', '2022-02-07 19:08:52'),
(666, 9, 10, 'CHOBO', '2022-02-07 19:08:52', '2022-02-07 19:08:52'),
(667, 9, 10, 'GENERAL ELIZALDE', '2022-02-07 19:08:52', '2022-02-07 19:08:52'),
(668, 9, 10, 'MARISCAL SUCRE', '2022-02-07 19:08:52', '2022-02-07 19:08:52'),
(669, 9, 10, 'ROBERTO ASTUDILLO', '2022-02-07 19:08:52', '2022-02-07 19:08:52'),
(670, 9, 11, 'NARANJAL', '2022-02-07 19:08:52', '2022-02-07 19:08:52'),
(671, 9, 11, 'JESUS MARIA', '2022-02-07 19:08:52', '2022-02-07 19:08:52'),
(672, 9, 11, 'SAN CARLOS', '2022-02-07 19:08:52', '2022-02-07 19:08:52'),
(673, 9, 11, 'SANTA ROSA DE FLANDES', '2022-02-07 19:08:52', '2022-02-07 19:08:52'),
(674, 9, 11, 'TAURA', '2022-02-07 19:08:52', '2022-02-07 19:08:52'),
(675, 9, 12, 'NARANJITO', '2022-02-07 19:08:52', '2022-02-07 19:08:52'),
(676, 9, 13, 'PALESTINA', '2022-02-07 19:08:52', '2022-02-07 19:08:52'),
(677, 9, 14, 'PEDRO CARBO,', '2022-02-07 19:08:52', '2022-02-07 19:08:52'),
(678, 9, 14, 'VALLE DE LA VIRGEN', '2022-02-07 19:08:52', '2022-02-07 19:08:52'),
(679, 9, 14, 'SABANILLA', '2022-02-07 19:08:52', '2022-02-07 19:08:52'),
(680, 9, 15, 'SALINAS', '2022-02-07 19:08:52', '2022-02-07 19:08:52'),
(681, 9, 15, 'CARLOS ESPINOZA L', '2022-02-07 19:08:52', '2022-02-07 19:08:52'),
(682, 9, 15, 'GRAL. ALBERTO ENRIQUEZ', '2022-02-07 19:08:52', '2022-02-07 19:08:52'),
(683, 9, 15, 'VICENTE  ROCAFUERTE', '2022-02-07 19:08:52', '2022-02-07 19:08:52'),
(684, 9, 15, 'SANTA ROSA', '2022-02-07 19:08:52', '2022-02-07 19:08:52'),
(685, 9, 15, 'ANCONCITO', '2022-02-07 19:08:52', '2022-02-07 19:08:52'),
(686, 9, 15, 'JOSE LUIS TAMAYO', '2022-02-07 19:08:52', '2022-02-07 19:08:52'),
(687, 9, 15, 'LA LIBERTAD', '2022-02-07 19:08:52', '2022-02-07 19:08:52'),
(688, 9, 16, 'SAMBORONDON', '2022-02-07 19:08:52', '2022-02-07 19:08:52'),
(689, 9, 16, 'TARIFA', '2022-02-07 19:08:52', '2022-02-07 19:08:52'),
(690, 9, 17, 'SANTA ELENA', '2022-02-07 19:08:52', '2022-02-07 19:08:52'),
(691, 9, 17, 'BALLENITA', '2022-02-07 19:08:52', '2022-02-07 19:08:52'),
(692, 9, 17, 'SANTA ELENA', '2022-02-07 19:08:52', '2022-02-07 19:08:52'),
(693, 9, 17, 'ATAHUALPA', '2022-02-07 19:08:52', '2022-02-07 19:08:52'),
(694, 9, 17, 'COLONCHE', '2022-02-07 19:08:52', '2022-02-07 19:08:52'),
(695, 9, 17, 'CHANDUY', '2022-02-07 19:08:52', '2022-02-07 19:08:52'),
(696, 9, 17, 'MANGLARALTO', '2022-02-07 19:08:52', '2022-02-07 19:08:52'),
(697, 9, 17, 'SIMON BOLIVAR', '2022-02-07 19:08:52', '2022-02-07 19:08:52'),
(698, 9, 17, 'SAN JOSE DE ANCON', '2022-02-07 19:08:52', '2022-02-07 19:08:52'),
(699, 9, 18, 'SANTA LUCIA', '2022-02-07 19:08:52', '2022-02-07 19:08:52'),
(700, 9, 19, 'EL SALITRE', '2022-02-07 19:08:52', '2022-02-07 19:08:52'),
(701, 9, 19, 'BOCANA', '2022-02-07 19:08:52', '2022-02-07 19:08:52'),
(702, 9, 19, 'CANDILEJOS', '2022-02-07 19:08:52', '2022-02-07 19:08:52');
INSERT INTO `parroquias` (`id`, `provincia_id`, `canton_id`, `parroquia`, `created_at`, `updated_at`) VALUES
(703, 9, 19, 'CENTRAL', '2022-02-07 19:08:52', '2022-02-07 19:08:52'),
(704, 9, 19, 'PARAISO', '2022-02-07 19:08:52', '2022-02-07 19:08:52'),
(705, 9, 19, 'SAN MATEO', '2022-02-07 19:08:52', '2022-02-07 19:08:52'),
(706, 9, 19, 'GENERAL VERNAZA', '2022-02-07 19:08:52', '2022-02-07 19:08:52'),
(707, 9, 19, 'LA VICTORIA', '2022-02-07 19:08:52', '2022-02-07 19:08:52'),
(708, 9, 19, 'JUNQUILLAL', '2022-02-07 19:08:52', '2022-02-07 19:08:52'),
(709, 9, 20, 'S JACINTO DE YAGUACHI', '2022-02-07 19:08:52', '2022-02-07 19:08:52'),
(710, 9, 20, 'CRL. LORENZO DE GARAICOA', '2022-02-07 19:08:52', '2022-02-07 19:08:52'),
(711, 9, 20, 'CRL. MARCELINO MARIDUEÑA', '2022-02-07 19:08:52', '2022-02-07 19:08:52'),
(712, 9, 20, 'GRAL. PEDRO J. MONTERO', '2022-02-07 19:08:52', '2022-02-07 19:08:52'),
(713, 9, 20, 'SIMON BOLIVAR', '2022-02-07 19:08:52', '2022-02-07 19:08:52'),
(714, 9, 20, 'YAGUACHI VIEJO', '2022-02-07 19:08:52', '2022-02-07 19:08:52'),
(715, 9, 20, 'VIRGEN DE FATIMA', '2022-02-07 19:08:52', '2022-02-07 19:08:52'),
(716, 9, 21, 'GENERAL VILLAMIL', '2022-02-07 19:08:52', '2022-02-07 19:08:52'),
(717, 9, 22, 'SIMON BOLIVAR', '2022-02-07 19:08:52', '2022-02-07 19:08:52'),
(718, 9, 22, 'CRL.LORENZO DE GARAICOA', '2022-02-07 19:08:52', '2022-02-07 19:08:52'),
(719, 9, 23, 'CRL MARCELINO MARIDUEÑA', '2022-02-07 19:08:52', '2022-02-07 19:08:52'),
(720, 9, 24, 'LOMAS DE SARGENTILLO', '2022-02-07 19:08:52', '2022-02-07 19:08:52'),
(721, 9, 24, 'ISIDRO AYORA', '2022-02-07 19:08:52', '2022-02-07 19:08:52'),
(722, 9, 25, 'NARCISA DE JESUS', '2022-02-07 19:08:52', '2022-02-07 19:08:52'),
(723, 9, 26, 'LA LIBERTAD', '2022-02-07 19:08:52', '2022-02-07 19:08:52'),
(724, 9, 27, 'GRAL ANTONIO ELIZALDE', '2022-02-07 19:08:52', '2022-02-07 19:08:52'),
(725, 9, 28, 'ISIDRO AYORA', '2022-02-07 19:08:52', '2022-02-07 19:08:52'),
(726, 10, 1, 'IBARRA', '2022-02-07 19:08:52', '2022-02-07 19:08:52'),
(727, 10, 1, 'CARANQUI', '2022-02-07 19:08:52', '2022-02-07 19:08:52'),
(728, 10, 1, 'GUAYAQUIL DE ALPACHACA', '2022-02-07 19:08:52', '2022-02-07 19:08:52'),
(729, 10, 1, 'SAGRARIO', '2022-02-07 19:08:52', '2022-02-07 19:08:52'),
(730, 10, 1, 'SAN FRANCISCO', '2022-02-07 19:08:52', '2022-02-07 19:08:52'),
(731, 10, 1, 'LA DOLOROSA DEL PRIORATO', '2022-02-07 19:08:52', '2022-02-07 19:08:52'),
(732, 10, 1, 'AMBUQUI', '2022-02-07 19:08:52', '2022-02-07 19:08:52'),
(733, 10, 1, 'ANGOCHAGUA', '2022-02-07 19:08:52', '2022-02-07 19:08:52'),
(734, 10, 1, 'CAROLINA', '2022-02-07 19:08:52', '2022-02-07 19:08:52'),
(735, 10, 1, 'LA ESPERANZA', '2022-02-07 19:08:52', '2022-02-07 19:08:52'),
(736, 10, 1, 'LITA', '2022-02-07 19:08:52', '2022-02-07 19:08:52'),
(737, 10, 1, 'SALINAS', '2022-02-07 19:08:52', '2022-02-07 19:08:52'),
(738, 10, 1, 'SAN ANTONIO', '2022-02-07 19:08:52', '2022-02-07 19:08:52'),
(739, 10, 2, 'ATUNTAQUI', '2022-02-07 19:08:52', '2022-02-07 19:08:52'),
(740, 10, 2, 'ANDRADE MARIN', '2022-02-07 19:08:52', '2022-02-07 19:08:52'),
(741, 10, 2, 'ATUNTAQUI', '2022-02-07 19:08:52', '2022-02-07 19:08:52'),
(742, 10, 2, 'IMBAYA', '2022-02-07 19:08:52', '2022-02-07 19:08:52'),
(743, 10, 2, 'S FRANCISCO DE NATABUELA', '2022-02-07 19:08:52', '2022-02-07 19:08:52'),
(744, 10, 2, 'SAN JOSE DE CHALTURA', '2022-02-07 19:08:52', '2022-02-07 19:08:52'),
(745, 10, 2, 'SAN ROQUE', '2022-02-07 19:08:52', '2022-02-07 19:08:52'),
(746, 10, 3, 'COTACACHI', '2022-02-07 19:08:52', '2022-02-07 19:08:52'),
(747, 10, 3, 'SAGRARIO', '2022-02-07 19:08:52', '2022-02-07 19:08:52'),
(748, 10, 3, 'SAN FRANCISCO', '2022-02-07 19:08:52', '2022-02-07 19:08:52'),
(749, 10, 3, 'APUELA', '2022-02-07 19:08:52', '2022-02-07 19:08:52'),
(750, 10, 3, 'GARCIA MORENO', '2022-02-07 19:08:52', '2022-02-07 19:08:52'),
(751, 10, 3, 'IMANTAG', '2022-02-07 19:08:52', '2022-02-07 19:08:52'),
(752, 10, 3, 'PEÑAHERRERA', '2022-02-07 19:08:52', '2022-02-07 19:08:52'),
(753, 10, 3, 'PLAZA GUTIERREZ', '2022-02-07 19:08:52', '2022-02-07 19:08:52'),
(754, 10, 3, 'QUIROGA', '2022-02-07 19:08:52', '2022-02-07 19:08:52'),
(755, 10, 3, '6 DE JULIO DE CUELLAJE', '2022-02-07 19:08:52', '2022-02-07 19:08:52'),
(756, 10, 3, 'VACAS GALINDO', '2022-02-07 19:08:52', '2022-02-07 19:08:52'),
(757, 10, 4, 'OTAVALO', '2022-02-07 19:08:52', '2022-02-07 19:08:52'),
(758, 10, 4, 'JORDAN', '2022-02-07 19:08:52', '2022-02-07 19:08:52'),
(759, 10, 4, 'SAN LUIS', '2022-02-07 19:08:52', '2022-02-07 19:08:52'),
(760, 10, 4, 'DR. MIGUEL EGAS CABEZAS', '2022-02-07 19:08:52', '2022-02-07 19:08:52'),
(761, 10, 4, 'EUGENIO ESPEJO', '2022-02-07 19:08:52', '2022-02-07 19:08:52'),
(762, 10, 4, 'GONZALEZ SUAREZ', '2022-02-07 19:08:52', '2022-02-07 19:08:52'),
(763, 10, 4, 'PATAQUI', '2022-02-07 19:08:52', '2022-02-07 19:08:52'),
(764, 10, 4, 'SAN JOSE DE QUICHINCHE', '2022-02-07 19:08:52', '2022-02-07 19:08:52'),
(765, 10, 4, 'SAN JUAN DE ILUMAN', '2022-02-07 19:08:52', '2022-02-07 19:08:52'),
(766, 10, 4, 'SAN PABLO', '2022-02-07 19:08:52', '2022-02-07 19:08:52'),
(767, 10, 4, 'SAN RAFAEL', '2022-02-07 19:08:52', '2022-02-07 19:08:52'),
(768, 10, 4, 'SELVA ALEGRE', '2022-02-07 19:08:52', '2022-02-07 19:08:52'),
(769, 10, 5, 'PIMAMPIRO', '2022-02-07 19:08:52', '2022-02-07 19:08:52'),
(770, 10, 5, 'CHUGA', '2022-02-07 19:08:52', '2022-02-07 19:08:52'),
(771, 10, 5, 'MARIANO ACOSTA', '2022-02-07 19:08:52', '2022-02-07 19:08:52'),
(772, 10, 5, 'SAN FRANCISCO DE SIGSIPAMBA', '2022-02-07 19:08:52', '2022-02-07 19:08:52'),
(773, 10, 6, 'URCUQUI', '2022-02-07 19:08:52', '2022-02-07 19:08:52'),
(774, 10, 6, 'CAHUASQUI', '2022-02-07 19:08:52', '2022-02-07 19:08:52'),
(775, 10, 6, 'LA MERCED DE BUENOS AIRES', '2022-02-07 19:08:52', '2022-02-07 19:08:52'),
(776, 10, 6, 'PABLO ARENAS', '2022-02-07 19:08:52', '2022-02-07 19:08:52'),
(777, 10, 6, 'SAN BLAS', '2022-02-07 19:08:52', '2022-02-07 19:08:52'),
(778, 10, 6, 'TUMBABIRO', '2022-02-07 19:08:52', '2022-02-07 19:08:52'),
(779, 11, 1, 'LOJA', '2022-02-07 19:08:52', '2022-02-07 19:08:52'),
(780, 11, 1, 'EL SAGRARIO', '2022-02-07 19:08:52', '2022-02-07 19:08:52'),
(781, 11, 1, 'SAN SEBASTIAN', '2022-02-07 19:08:52', '2022-02-07 19:08:52'),
(782, 11, 1, 'SUCRE', '2022-02-07 19:08:52', '2022-02-07 19:08:52'),
(783, 11, 1, 'VALLE', '2022-02-07 19:08:52', '2022-02-07 19:08:52'),
(784, 11, 1, 'CHANTACO', '2022-02-07 19:08:52', '2022-02-07 19:08:52'),
(785, 11, 1, 'CHUQUIRIBAMBA', '2022-02-07 19:08:52', '2022-02-07 19:08:52'),
(786, 11, 1, 'EL CISNE', '2022-02-07 19:08:52', '2022-02-07 19:08:52'),
(787, 11, 1, 'GUALEL', '2022-02-07 19:08:52', '2022-02-07 19:08:52'),
(788, 11, 1, 'JIMBILLA', '2022-02-07 19:08:52', '2022-02-07 19:08:52'),
(789, 11, 1, 'MALACATOS', '2022-02-07 19:08:52', '2022-02-07 19:08:52'),
(790, 11, 1, 'SAN LUCAS', '2022-02-07 19:08:52', '2022-02-07 19:08:52'),
(791, 11, 1, 'SAN PEDRO DE VILCABAMBA', '2022-02-07 19:08:52', '2022-02-07 19:08:52'),
(792, 11, 1, 'SANTIAGO', '2022-02-07 19:08:52', '2022-02-07 19:08:52'),
(793, 11, 1, 'TAQUIL', '2022-02-07 19:08:52', '2022-02-07 19:08:52'),
(794, 11, 1, 'VILCABAMBA', '2022-02-07 19:08:52', '2022-02-07 19:08:52'),
(795, 11, 1, 'YANGANA', '2022-02-07 19:08:52', '2022-02-07 19:08:52'),
(796, 11, 1, 'QUINARA', '2022-02-07 19:08:52', '2022-02-07 19:08:52'),
(797, 11, 2, 'CARIAMANGA', '2022-02-07 19:08:52', '2022-02-07 19:08:52'),
(798, 11, 2, 'CARIAMANGA', '2022-02-07 19:08:52', '2022-02-07 19:08:52'),
(799, 11, 2, 'CHILE', '2022-02-07 19:08:52', '2022-02-07 19:08:52'),
(800, 11, 2, 'SAN VICENTE', '2022-02-07 19:08:52', '2022-02-07 19:08:52'),
(801, 11, 2, 'COLAISACA', '2022-02-07 19:08:52', '2022-02-07 19:08:52'),
(802, 11, 2, 'EL LUCERO', '2022-02-07 19:08:52', '2022-02-07 19:08:52'),
(803, 11, 2, 'UTUANA', '2022-02-07 19:08:52', '2022-02-07 19:08:52'),
(804, 11, 2, 'SANGUILLIN', '2022-02-07 19:08:52', '2022-02-07 19:08:52'),
(805, 11, 3, 'CATAMAYO', '2022-02-07 19:08:52', '2022-02-07 19:08:52'),
(806, 11, 3, 'CATAMAYO', '2022-02-07 19:08:52', '2022-02-07 19:08:52'),
(807, 11, 3, 'SAN JOSE', '2022-02-07 19:08:52', '2022-02-07 19:08:52'),
(808, 11, 3, 'EL TAMBO', '2022-02-07 19:08:52', '2022-02-07 19:08:52'),
(809, 11, 3, 'GUAYQUICHUMA', '2022-02-07 19:08:52', '2022-02-07 19:08:52'),
(810, 11, 3, 'SAN PEDRO DE LA BENDITA', '2022-02-07 19:08:52', '2022-02-07 19:08:52'),
(811, 11, 3, 'ZAMBI', '2022-02-07 19:08:52', '2022-02-07 19:08:52'),
(812, 11, 4, 'CELICA', '2022-02-07 19:08:52', '2022-02-07 19:08:52'),
(813, 11, 4, 'CRUZPAMBA', '2022-02-07 19:08:52', '2022-02-07 19:08:52'),
(814, 11, 4, 'CHAQUINAL', '2022-02-07 19:08:52', '2022-02-07 19:08:52'),
(815, 11, 4, '12 DE DICIEMBRE', '2022-02-07 19:08:52', '2022-02-07 19:08:52'),
(816, 11, 4, 'PINDAL', '2022-02-07 19:08:52', '2022-02-07 19:08:52'),
(817, 11, 4, 'POZUL', '2022-02-07 19:08:52', '2022-02-07 19:08:52'),
(818, 11, 4, 'SABANILLA', '2022-02-07 19:08:52', '2022-02-07 19:08:52'),
(819, 11, 4, 'TNTE. MAXIMILIANO RODRIGUEZ L', '2022-02-07 19:08:52', '2022-02-07 19:08:52'),
(820, 11, 5, 'CHAGUARPAMBA', '2022-02-07 19:08:52', '2022-02-07 19:08:52'),
(821, 11, 5, 'BUENAVISTA', '2022-02-07 19:08:52', '2022-02-07 19:08:52'),
(822, 11, 5, 'EL ROSARIO', '2022-02-07 19:08:52', '2022-02-07 19:08:52'),
(823, 11, 5, 'SANTA RUFINA', '2022-02-07 19:08:52', '2022-02-07 19:08:52'),
(824, 11, 5, 'AMARILLOS', '2022-02-07 19:08:52', '2022-02-07 19:08:52'),
(825, 11, 6, 'AMALUZA', '2022-02-07 19:08:52', '2022-02-07 19:08:52'),
(826, 11, 6, 'BELLAVISTA', '2022-02-07 19:08:52', '2022-02-07 19:08:52'),
(827, 11, 6, 'JIMBURA', '2022-02-07 19:08:52', '2022-02-07 19:08:52'),
(828, 11, 6, 'SANTA TERESITA', '2022-02-07 19:08:52', '2022-02-07 19:08:52'),
(829, 11, 6, '27 DE ABRIL', '2022-02-07 19:08:52', '2022-02-07 19:08:52'),
(830, 11, 6, 'EL INGENIO', '2022-02-07 19:08:52', '2022-02-07 19:08:52'),
(831, 11, 6, 'EL AIRO', '2022-02-07 19:08:52', '2022-02-07 19:08:52'),
(832, 11, 7, 'GONZANAMA', '2022-02-07 19:08:52', '2022-02-07 19:08:52'),
(833, 11, 7, 'CHANGAIMINA', '2022-02-07 19:08:52', '2022-02-07 19:08:52'),
(834, 11, 7, 'FUNDOCHAMBA', '2022-02-07 19:08:52', '2022-02-07 19:08:52'),
(835, 11, 7, 'NAMBACOLA', '2022-02-07 19:08:52', '2022-02-07 19:08:52'),
(836, 11, 7, 'PURUNUMA', '2022-02-07 19:08:52', '2022-02-07 19:08:52'),
(837, 11, 7, 'QUILANGA', '2022-02-07 19:08:52', '2022-02-07 19:08:52'),
(838, 11, 7, 'SACAPALCA', '2022-02-07 19:08:52', '2022-02-07 19:08:52'),
(839, 11, 7, 'SAN ANTONIO DE LAS ARADAS', '2022-02-07 19:08:52', '2022-02-07 19:08:52'),
(840, 11, 8, 'MACARA', '2022-02-07 19:08:52', '2022-02-07 19:08:52'),
(841, 11, 8, 'GENERAL ELOY ALFARO', '2022-02-07 19:08:52', '2022-02-07 19:08:52'),
(842, 11, 8, 'MACARA', '2022-02-07 19:08:52', '2022-02-07 19:08:52'),
(843, 11, 8, 'LARAMA', '2022-02-07 19:08:52', '2022-02-07 19:08:52'),
(844, 11, 8, 'LA VICTORIA', '2022-02-07 19:08:52', '2022-02-07 19:08:52'),
(845, 11, 8, 'SABIANGO', '2022-02-07 19:08:52', '2022-02-07 19:08:52'),
(846, 11, 9, 'CATACOCHA', '2022-02-07 19:08:52', '2022-02-07 19:08:52'),
(847, 11, 9, 'CATACOCHA', '2022-02-07 19:08:52', '2022-02-07 19:08:52'),
(848, 11, 9, 'LOURDES', '2022-02-07 19:08:52', '2022-02-07 19:08:52'),
(849, 11, 9, 'CANGONAMA', '2022-02-07 19:08:52', '2022-02-07 19:08:52'),
(850, 11, 9, 'GUACHANAMA', '2022-02-07 19:08:52', '2022-02-07 19:08:52'),
(851, 11, 9, 'LA TINGUE', '2022-02-07 19:08:52', '2022-02-07 19:08:52'),
(852, 11, 9, 'LAURO GUERRERO', '2022-02-07 19:08:52', '2022-02-07 19:08:52'),
(853, 11, 9, 'OLMEDO', '2022-02-07 19:08:52', '2022-02-07 19:08:52'),
(854, 11, 9, 'ORIANGA', '2022-02-07 19:08:52', '2022-02-07 19:08:52'),
(855, 11, 9, 'SAN ANTONIO', '2022-02-07 19:08:52', '2022-02-07 19:08:52'),
(856, 11, 9, 'CASANGA', '2022-02-07 19:08:52', '2022-02-07 19:08:52'),
(857, 11, 9, 'YAMANA', '2022-02-07 19:08:52', '2022-02-07 19:08:52'),
(858, 11, 10, 'ALAMOR', '2022-02-07 19:08:52', '2022-02-07 19:08:52'),
(859, 11, 10, 'CIANO', '2022-02-07 19:08:52', '2022-02-07 19:08:52'),
(860, 11, 10, 'EL ARENAL', '2022-02-07 19:08:52', '2022-02-07 19:08:52'),
(861, 11, 10, 'EL LIMO', '2022-02-07 19:08:52', '2022-02-07 19:08:52'),
(862, 11, 10, 'MERCADILLO', '2022-02-07 19:08:52', '2022-02-07 19:08:52'),
(863, 11, 10, 'VICENTINO', '2022-02-07 19:08:52', '2022-02-07 19:08:52'),
(864, 11, 11, 'SARAGURO', '2022-02-07 19:08:52', '2022-02-07 19:08:52'),
(865, 11, 11, 'EL PARAISO DE CELEN', '2022-02-07 19:08:52', '2022-02-07 19:08:52'),
(866, 11, 11, 'EL TABLON', '2022-02-07 19:08:52', '2022-02-07 19:08:52'),
(867, 11, 11, 'LLUZHAPA', '2022-02-07 19:08:52', '2022-02-07 19:08:52'),
(868, 11, 11, 'MANU', '2022-02-07 19:08:52', '2022-02-07 19:08:52'),
(869, 11, 11, 'SAN ANTONIO DE QUMBE', '2022-02-07 19:08:52', '2022-02-07 19:08:52'),
(870, 11, 11, 'SAN PABLO DE TENTA', '2022-02-07 19:08:52', '2022-02-07 19:08:52'),
(871, 11, 11, 'SAN SEBASTIAN DE YULUC', '2022-02-07 19:08:52', '2022-02-07 19:08:52'),
(872, 11, 11, 'SELVA ALEGRE', '2022-02-07 19:08:52', '2022-02-07 19:08:52'),
(873, 11, 11, 'URDANETA', '2022-02-07 19:08:52', '2022-02-07 19:08:52'),
(874, 11, 11, 'SUMAYPAMBA', '2022-02-07 19:08:52', '2022-02-07 19:08:52'),
(875, 11, 12, 'SOZORANGA', '2022-02-07 19:08:52', '2022-02-07 19:08:52'),
(876, 11, 12, 'NUEVA FATIMA', '2022-02-07 19:08:52', '2022-02-07 19:08:52'),
(877, 11, 12, 'TACAMOROS', '2022-02-07 19:08:52', '2022-02-07 19:08:52'),
(878, 11, 13, 'ZAPOTILLO', '2022-02-07 19:08:52', '2022-02-07 19:08:52'),
(879, 11, 13, 'CAZADEROS', '2022-02-07 19:08:52', '2022-02-07 19:08:52'),
(880, 11, 13, 'GARZAREAL', '2022-02-07 19:08:52', '2022-02-07 19:08:52'),
(881, 11, 13, 'LIMONES', '2022-02-07 19:08:52', '2022-02-07 19:08:52'),
(882, 11, 13, 'PALETILLAS', '2022-02-07 19:08:52', '2022-02-07 19:08:52'),
(883, 11, 14, 'PINDAL', '2022-02-07 19:08:52', '2022-02-07 19:08:52'),
(884, 11, 14, 'CHAQUINAL', '2022-02-07 19:08:52', '2022-02-07 19:08:52'),
(885, 11, 14, '12 DE DICIEMBRE', '2022-02-07 19:08:52', '2022-02-07 19:08:52'),
(886, 11, 15, 'QUILANGA', '2022-02-07 19:08:52', '2022-02-07 19:08:52'),
(887, 11, 15, 'FUNDOCHAMBA', '2022-02-07 19:08:52', '2022-02-07 19:08:52'),
(888, 11, 15, 'SAN ANTONIO DE LAS ARADAS', '2022-02-07 19:08:52', '2022-02-07 19:08:52'),
(889, 11, 16, 'OLMEDO', '2022-02-07 19:08:52', '2022-02-07 19:08:52'),
(890, 11, 16, 'LA TINGUE', '2022-02-07 19:08:52', '2022-02-07 19:08:52'),
(891, 12, 1, 'BABAHOYO', '2022-02-07 19:08:52', '2022-02-07 19:08:52'),
(892, 12, 1, 'CLEMENTE BAQUERIZO', '2022-02-07 19:08:52', '2022-02-07 19:08:52'),
(893, 12, 1, 'DR. CAMILO PONCE', '2022-02-07 19:08:52', '2022-02-07 19:08:52'),
(894, 12, 1, 'BARREIRO', '2022-02-07 19:08:52', '2022-02-07 19:08:52'),
(895, 12, 1, 'EL SALTO', '2022-02-07 19:08:52', '2022-02-07 19:08:52'),
(896, 12, 1, 'BARREIRO', '2022-02-07 19:08:52', '2022-02-07 19:08:52'),
(897, 12, 1, 'CARACOL', '2022-02-07 19:08:52', '2022-02-07 19:08:52'),
(898, 12, 1, 'FEBRES CORDERO', '2022-02-07 19:08:52', '2022-02-07 19:08:52'),
(899, 12, 1, 'PIMOCHA', '2022-02-07 19:08:52', '2022-02-07 19:08:52'),
(900, 12, 1, 'LA UNION', '2022-02-07 19:08:52', '2022-02-07 19:08:52'),
(901, 12, 2, 'BABA', '2022-02-07 19:08:52', '2022-02-07 19:08:52'),
(902, 12, 2, 'GUARE', '2022-02-07 19:08:52', '2022-02-07 19:08:52'),
(903, 12, 2, 'ISLA DE BEJUCAL', '2022-02-07 19:08:52', '2022-02-07 19:08:52'),
(904, 12, 3, 'MONTALVO', '2022-02-07 19:08:52', '2022-02-07 19:08:52'),
(905, 12, 4, 'PUEBLOVIEJO', '2022-02-07 19:08:52', '2022-02-07 19:08:52'),
(906, 12, 4, 'PUERTO PECHICHE', '2022-02-07 19:08:52', '2022-02-07 19:08:52'),
(907, 12, 4, 'SAN JUAN', '2022-02-07 19:08:52', '2022-02-07 19:08:52'),
(908, 12, 5, 'QUEVEDO', '2022-02-07 19:08:52', '2022-02-07 19:08:52'),
(909, 12, 5, 'SAN CAMILO', '2022-02-07 19:08:52', '2022-02-07 19:08:52'),
(910, 12, 5, 'SAN JOSE', '2022-02-07 19:08:52', '2022-02-07 19:08:52'),
(911, 12, 5, 'GUAYACAN', '2022-02-07 19:08:52', '2022-02-07 19:08:52'),
(912, 12, 5, 'NICOLAS INFANTE DIAZ', '2022-02-07 19:08:52', '2022-02-07 19:08:52'),
(913, 12, 5, 'SAN CRISTOBAL', '2022-02-07 19:08:52', '2022-02-07 19:08:52'),
(914, 12, 5, 'SIETE DE OCTUBRE', '2022-02-07 19:08:52', '2022-02-07 19:08:52'),
(915, 12, 5, '24 DE MAYO', '2022-02-07 19:08:52', '2022-02-07 19:08:52'),
(916, 12, 5, 'VENUS DEL RIO QUEVEDO', '2022-02-07 19:08:52', '2022-02-07 19:08:52'),
(917, 12, 5, 'VIVA ALFARO', '2022-02-07 19:08:52', '2022-02-07 19:08:52'),
(918, 12, 5, 'BUENA FE', '2022-02-07 19:08:52', '2022-02-07 19:08:52'),
(919, 12, 5, 'MOCACHE', '2022-02-07 19:08:52', '2022-02-07 19:08:52'),
(920, 12, 5, 'SAN CARLOS', '2022-02-07 19:08:52', '2022-02-07 19:08:52'),
(921, 12, 5, 'VALENCIA', '2022-02-07 19:08:52', '2022-02-07 19:08:52'),
(922, 12, 5, 'LA ESPERANZA', '2022-02-07 19:08:52', '2022-02-07 19:08:52'),
(923, 12, 6, 'CATARAMA', '2022-02-07 19:08:52', '2022-02-07 19:08:52'),
(924, 12, 6, 'RICAURTE', '2022-02-07 19:08:52', '2022-02-07 19:08:52'),
(925, 12, 7, 'VENTANAS', '2022-02-07 19:08:52', '2022-02-07 19:08:52'),
(926, 12, 7, 'QUINSALOMA', '2022-02-07 19:08:52', '2022-02-07 19:08:52'),
(927, 12, 7, 'ZAPOTAL', '2022-02-07 19:08:52', '2022-02-07 19:08:52'),
(928, 12, 8, 'VINCES', '2022-02-07 19:08:52', '2022-02-07 19:08:52'),
(929, 12, 8, 'ANTONIO SOTOMAYOR', '2022-02-07 19:08:52', '2022-02-07 19:08:52'),
(930, 12, 8, 'PALENQUE', '2022-02-07 19:08:52', '2022-02-07 19:08:52'),
(931, 12, 9, 'PALENQUE', '2022-02-07 19:08:52', '2022-02-07 19:08:52'),
(932, 12, 10, 'SAN JACINTO DE BUENA FE', '2022-02-07 19:08:52', '2022-02-07 19:08:52'),
(933, 12, 10, 'SAN JACINTO DE BUENA FE', '2022-02-07 19:08:52', '2022-02-07 19:08:52'),
(934, 12, 10, '7 DE AGOSTO', '2022-02-07 19:08:52', '2022-02-07 19:08:52'),
(935, 12, 10, '11 DE OCTUBRE', '2022-02-07 19:08:52', '2022-02-07 19:08:52'),
(936, 12, 10, 'PATRICIA PILAR', '2022-02-07 19:08:52', '2022-02-07 19:08:52'),
(937, 12, 11, 'VALENCIA', '2022-02-07 19:08:52', '2022-02-07 19:08:52'),
(938, 12, 12, 'MOCACHE', '2022-02-07 19:08:52', '2022-02-07 19:08:52'),
(939, 13, 1, 'PORTOVIEJO', '2022-02-07 19:08:52', '2022-02-07 19:08:52'),
(940, 13, 1, 'ANDRES DE VERA', '2022-02-07 19:08:52', '2022-02-07 19:08:52'),
(941, 13, 1, 'COLON', '2022-02-07 19:08:52', '2022-02-07 19:08:52'),
(942, 13, 1, '12 DE MARZO', '2022-02-07 19:08:52', '2022-02-07 19:08:52'),
(943, 13, 1, 'PICOAZA', '2022-02-07 19:08:52', '2022-02-07 19:08:52'),
(944, 13, 1, 'PORTOVIEJO', '2022-02-07 19:08:52', '2022-02-07 19:08:52'),
(945, 13, 1, 'SAN PABLO', '2022-02-07 19:08:52', '2022-02-07 19:08:52'),
(946, 13, 1, 'ABDON CALDERON', '2022-02-07 19:08:52', '2022-02-07 19:08:52'),
(947, 13, 1, 'ALHAJUELA', '2022-02-07 19:08:52', '2022-02-07 19:08:52'),
(948, 13, 1, 'CRUCITA', '2022-02-07 19:08:52', '2022-02-07 19:08:52'),
(949, 13, 1, 'PUEBLO NUEVO', '2022-02-07 19:08:52', '2022-02-07 19:08:52'),
(950, 13, 1, 'RIOCHICO', '2022-02-07 19:08:52', '2022-02-07 19:08:52'),
(951, 13, 1, 'SAN PLACIDO', '2022-02-07 19:08:52', '2022-02-07 19:08:52'),
(952, 13, 1, 'CHIRIJOS', '2022-02-07 19:08:52', '2022-02-07 19:08:52'),
(953, 13, 2, 'CALCETA', '2022-02-07 19:08:52', '2022-02-07 19:08:52'),
(954, 13, 2, 'MEMBRILLO', '2022-02-07 19:08:52', '2022-02-07 19:08:52'),
(955, 13, 2, 'QUIROGA', '2022-02-07 19:08:52', '2022-02-07 19:08:52'),
(956, 13, 3, 'CHONE', '2022-02-07 19:08:52', '2022-02-07 19:08:52'),
(957, 13, 3, 'SANTA RITA', '2022-02-07 19:08:52', '2022-02-07 19:08:52'),
(958, 13, 3, 'BOYACA', '2022-02-07 19:08:52', '2022-02-07 19:08:52'),
(959, 13, 3, 'CANUTO', '2022-02-07 19:08:52', '2022-02-07 19:08:52'),
(960, 13, 3, 'CONVENTO', '2022-02-07 19:08:52', '2022-02-07 19:08:52'),
(961, 13, 3, 'CHIBUNGA', '2022-02-07 19:08:53', '2022-02-07 19:08:53'),
(962, 13, 3, 'ELOY ALFARO', '2022-02-07 19:08:53', '2022-02-07 19:08:53'),
(963, 13, 3, 'RICAURTE', '2022-02-07 19:08:53', '2022-02-07 19:08:53'),
(964, 13, 3, 'SAN ANTONIO', '2022-02-07 19:08:53', '2022-02-07 19:08:53'),
(965, 13, 4, 'EL CARMEN', '2022-02-07 19:08:53', '2022-02-07 19:08:53'),
(966, 13, 4, '4 DE DICIEMBRE', '2022-02-07 19:08:53', '2022-02-07 19:08:53'),
(967, 13, 4, 'WILFRIDO LOOR MOREIRA', '2022-02-07 19:08:53', '2022-02-07 19:08:53'),
(968, 13, 4, 'SAN PEDRO DE SUMA', '2022-02-07 19:08:53', '2022-02-07 19:08:53'),
(969, 13, 5, 'FLAVIO ALFARO', '2022-02-07 19:08:53', '2022-02-07 19:08:53'),
(970, 13, 5, 'SAN FRANCISCO DE NOVILLO', '2022-02-07 19:08:53', '2022-02-07 19:08:53'),
(971, 13, 5, 'ZAPALLO', '2022-02-07 19:08:53', '2022-02-07 19:08:53'),
(972, 13, 6, 'JIPIJAPA', '2022-02-07 19:08:53', '2022-02-07 19:08:53'),
(973, 13, 6, 'DR. MIGUEL MORAN L', '2022-02-07 19:08:53', '2022-02-07 19:08:53'),
(974, 13, 6, 'MANUEL INOCENCIO PARRALES Y G', '2022-02-07 19:08:53', '2022-02-07 19:08:53'),
(975, 13, 6, 'SAN LORENZO DE JIPIJAPA', '2022-02-07 19:08:53', '2022-02-07 19:08:53'),
(976, 13, 6, 'AMERICA', '2022-02-07 19:08:53', '2022-02-07 19:08:53'),
(977, 13, 6, 'EL ANEGADO', '2022-02-07 19:08:53', '2022-02-07 19:08:53'),
(978, 13, 6, 'JULCUY', '2022-02-07 19:08:53', '2022-02-07 19:08:53'),
(979, 13, 6, 'LA UNION', '2022-02-07 19:08:53', '2022-02-07 19:08:53'),
(980, 13, 6, 'MACHALILLA', '2022-02-07 19:08:53', '2022-02-07 19:08:53'),
(981, 13, 6, 'MEMBRILLAL', '2022-02-07 19:08:53', '2022-02-07 19:08:53'),
(982, 13, 6, 'PEDRO PABLO GOMEZ', '2022-02-07 19:08:53', '2022-02-07 19:08:53'),
(983, 13, 6, 'PUERTO DE CAYO', '2022-02-07 19:08:53', '2022-02-07 19:08:53'),
(984, 13, 6, 'PUERTO LOPEZ', '2022-02-07 19:08:53', '2022-02-07 19:08:53'),
(985, 13, 7, 'JUNIN', '2022-02-07 19:08:53', '2022-02-07 19:08:53'),
(986, 13, 8, 'MANTA', '2022-02-07 19:08:53', '2022-02-07 19:08:53'),
(987, 13, 8, 'LOS ESTEROS', '2022-02-07 19:08:53', '2022-02-07 19:08:53'),
(988, 13, 8, 'MANTA', '2022-02-07 19:08:53', '2022-02-07 19:08:53'),
(989, 13, 8, 'SAN MATEO', '2022-02-07 19:08:53', '2022-02-07 19:08:53'),
(990, 13, 8, 'TARQUI', '2022-02-07 19:08:53', '2022-02-07 19:08:53'),
(991, 13, 8, 'ELOY ALFARO', '2022-02-07 19:08:53', '2022-02-07 19:08:53'),
(992, 13, 8, 'SAN LORENZO', '2022-02-07 19:08:53', '2022-02-07 19:08:53'),
(993, 13, 8, 'SANTA MARIANITA', '2022-02-07 19:08:53', '2022-02-07 19:08:53'),
(994, 13, 9, 'MONTECRISTI', '2022-02-07 19:08:53', '2022-02-07 19:08:53'),
(995, 13, 9, 'ANIBAL SAN ANDRES', '2022-02-07 19:08:53', '2022-02-07 19:08:53'),
(996, 13, 9, 'MONTECRISTI', '2022-02-07 19:08:53', '2022-02-07 19:08:53'),
(997, 13, 9, 'JARAMIJO', '2022-02-07 19:08:53', '2022-02-07 19:08:53'),
(998, 13, 9, 'LA PILA', '2022-02-07 19:08:53', '2022-02-07 19:08:53'),
(999, 13, 10, 'PAJAN', '2022-02-07 19:08:53', '2022-02-07 19:08:53'),
(1000, 13, 10, 'CAMPOZANO', '2022-02-07 19:08:53', '2022-02-07 19:08:53'),
(1001, 13, 10, 'CASCOL', '2022-02-07 19:08:53', '2022-02-07 19:08:53'),
(1002, 13, 10, 'GUALE', '2022-02-07 19:08:53', '2022-02-07 19:08:53'),
(1003, 13, 10, 'LASCANO', '2022-02-07 19:08:53', '2022-02-07 19:08:53'),
(1004, 13, 11, 'PICHINCHA', '2022-02-07 19:08:53', '2022-02-07 19:08:53'),
(1005, 13, 11, 'BARRAGANETE', '2022-02-07 19:08:53', '2022-02-07 19:08:53'),
(1006, 13, 11, 'SAN SEBASTIAN', '2022-02-07 19:08:53', '2022-02-07 19:08:53'),
(1007, 13, 12, 'ROCAFUERTE', '2022-02-07 19:08:53', '2022-02-07 19:08:53'),
(1008, 13, 13, 'SANTA ANA DE VUELTA LARGA', '2022-02-07 19:08:53', '2022-02-07 19:08:53'),
(1009, 13, 13, 'SANTA ANA', '2022-02-07 19:08:53', '2022-02-07 19:08:53'),
(1010, 13, 13, 'LODANA', '2022-02-07 19:08:53', '2022-02-07 19:08:53'),
(1011, 13, 13, 'AYACUCHO', '2022-02-07 19:08:53', '2022-02-07 19:08:53'),
(1012, 13, 13, 'HONORATO VASQUEZ', '2022-02-07 19:08:53', '2022-02-07 19:08:53'),
(1013, 13, 13, 'LA UNION', '2022-02-07 19:08:53', '2022-02-07 19:08:53'),
(1014, 13, 13, 'OLMEDO', '2022-02-07 19:08:53', '2022-02-07 19:08:53'),
(1015, 13, 13, 'SAN PABLO', '2022-02-07 19:08:53', '2022-02-07 19:08:53'),
(1016, 13, 14, 'BAHIA DE CARAQUEZ', '2022-02-07 19:08:53', '2022-02-07 19:08:53'),
(1017, 13, 14, 'LEONIDAS PLAZA G', '2022-02-07 19:08:53', '2022-02-07 19:08:53'),
(1018, 13, 14, ' CANOA', '2022-02-07 19:08:53', '2022-02-07 19:08:53'),
(1019, 13, 14, 'COJIMIES', '2022-02-07 19:08:53', '2022-02-07 19:08:53'),
(1020, 13, 14, 'CHARAPOTO', '2022-02-07 19:08:53', '2022-02-07 19:08:53'),
(1021, 13, 14, '10 DE AGOSTO', '2022-02-07 19:08:53', '2022-02-07 19:08:53'),
(1022, 13, 14, 'JAMA', '2022-02-07 19:08:53', '2022-02-07 19:08:53'),
(1023, 13, 14, 'PEDERNALES', '2022-02-07 19:08:53', '2022-02-07 19:08:53'),
(1024, 13, 14, 'SAN ISIDRO', '2022-02-07 19:08:53', '2022-02-07 19:08:53'),
(1025, 13, 14, 'SAN VICENTE', '2022-02-07 19:08:53', '2022-02-07 19:08:53'),
(1026, 13, 15, 'TOSAGUA', '2022-02-07 19:08:53', '2022-02-07 19:08:53'),
(1027, 13, 15, 'BACHILLERO', '2022-02-07 19:08:53', '2022-02-07 19:08:53'),
(1028, 13, 15, 'ANGEL PEDRO GILER', '2022-02-07 19:08:53', '2022-02-07 19:08:53'),
(1029, 13, 16, 'SUCRE', '2022-02-07 19:08:53', '2022-02-07 19:08:53'),
(1030, 13, 16, 'BELLAVISTA', '2022-02-07 19:08:53', '2022-02-07 19:08:53'),
(1031, 13, 16, 'NOBOA', '2022-02-07 19:08:53', '2022-02-07 19:08:53'),
(1032, 13, 16, 'ARQ. SIXTO DURAN BALLEN', '2022-02-07 19:08:53', '2022-02-07 19:08:53'),
(1033, 13, 17, 'PEDERNALES', '2022-02-07 19:08:53', '2022-02-07 19:08:53'),
(1034, 13, 17, 'COJIMIES', '2022-02-07 19:08:53', '2022-02-07 19:08:53'),
(1035, 13, 17, '10 DE AGOSTO', '2022-02-07 19:08:53', '2022-02-07 19:08:53'),
(1036, 13, 17, 'ATAHUALPA', '2022-02-07 19:08:53', '2022-02-07 19:08:53'),
(1037, 13, 18, 'OLMEDO', '2022-02-07 19:08:53', '2022-02-07 19:08:53'),
(1038, 13, 19, 'PUERTO LOPEZ', '2022-02-07 19:08:53', '2022-02-07 19:08:53'),
(1039, 13, 19, 'MACHALILLA', '2022-02-07 19:08:53', '2022-02-07 19:08:53'),
(1040, 13, 19, 'SALANGO', '2022-02-07 19:08:53', '2022-02-07 19:08:53'),
(1041, 13, 20, 'JAMA', '2022-02-07 19:08:53', '2022-02-07 19:08:53'),
(1042, 13, 21, 'JARAMIJO', '2022-02-07 19:08:53', '2022-02-07 19:08:53'),
(1043, 13, 22, 'SAN VICENTE', '2022-02-07 19:08:53', '2022-02-07 19:08:53'),
(1044, 13, 22, 'CANOA', '2022-02-07 19:08:53', '2022-02-07 19:08:53'),
(1045, 14, 1, 'MACAS', '2022-02-07 19:08:53', '2022-02-07 19:08:53'),
(1046, 14, 1, 'ALSHI', '2022-02-07 19:08:53', '2022-02-07 19:08:53'),
(1047, 14, 1, 'CHIGUAZA', '2022-02-07 19:08:53', '2022-02-07 19:08:53'),
(1048, 14, 1, 'GENERAL PROAÑO', '2022-02-07 19:08:53', '2022-02-07 19:08:53'),
(1049, 14, 1, 'HUASAGA', '2022-02-07 19:08:53', '2022-02-07 19:08:53'),
(1050, 14, 1, 'MACUMA', '2022-02-07 19:08:53', '2022-02-07 19:08:53'),
(1051, 14, 1, 'SAN ISIDRO', '2022-02-07 19:08:53', '2022-02-07 19:08:53'),
(1052, 14, 1, 'SEVILLA DON BOSCO', '2022-02-07 19:08:53', '2022-02-07 19:08:53'),
(1053, 14, 1, 'SINAI', '2022-02-07 19:08:53', '2022-02-07 19:08:53'),
(1054, 14, 1, 'TAISHA', '2022-02-07 19:08:53', '2022-02-07 19:08:53'),
(1055, 14, 1, 'ZUÑA', '2022-02-07 19:08:53', '2022-02-07 19:08:53'),
(1056, 14, 1, 'TUUTINENTZA', '2022-02-07 19:08:53', '2022-02-07 19:08:53'),
(1057, 14, 1, 'CUCHAENTZA', '2022-02-07 19:08:53', '2022-02-07 19:08:53'),
(1058, 14, 1, 'SAN JOSE DE MORONA', '2022-02-07 19:08:53', '2022-02-07 19:08:53'),
(1059, 14, 1, 'RIO BLANCO', '2022-02-07 19:08:53', '2022-02-07 19:08:53'),
(1060, 14, 2, 'GUALAQUIZA', '2022-02-07 19:08:53', '2022-02-07 19:08:53'),
(1061, 14, 2, 'BERMEJOS', '2022-02-07 19:08:53', '2022-02-07 19:08:53'),
(1062, 14, 2, 'NUEVA TARQUI', '2022-02-07 19:08:53', '2022-02-07 19:08:53'),
(1063, 14, 2, 'GUALAQUIZA', '2022-02-07 19:08:53', '2022-02-07 19:08:53'),
(1064, 14, 2, 'MERCEDES MOLINA', '2022-02-07 19:08:53', '2022-02-07 19:08:53'),
(1065, 14, 2, 'AMAZONAS', '2022-02-07 19:08:53', '2022-02-07 19:08:53'),
(1066, 14, 2, 'BOMBOIZA', '2022-02-07 19:08:53', '2022-02-07 19:08:53'),
(1067, 14, 2, 'CHIGÜINDA', '2022-02-07 19:08:53', '2022-02-07 19:08:53'),
(1068, 14, 2, 'EL ROSARIO', '2022-02-07 19:08:53', '2022-02-07 19:08:53'),
(1069, 14, 2, 'SAN MIGUEL DE CUYES', '2022-02-07 19:08:53', '2022-02-07 19:08:53'),
(1070, 14, 2, 'EL IDEAL', '2022-02-07 19:08:53', '2022-02-07 19:08:53'),
(1071, 14, 3, 'GRAL LEONIDAS PLAZA G', '2022-02-07 19:08:53', '2022-02-07 19:08:53'),
(1072, 14, 3, 'INDANZA', '2022-02-07 19:08:53', '2022-02-07 19:08:53'),
(1073, 14, 3, 'PAN DE AZUCAR', '2022-02-07 19:08:53', '2022-02-07 19:08:53'),
(1074, 14, 3, 'SAN ANTONIO', '2022-02-07 19:08:53', '2022-02-07 19:08:53'),
(1075, 14, 3, 'SAN CARLOS DE LIMON', '2022-02-07 19:08:53', '2022-02-07 19:08:53'),
(1076, 14, 3, 'SAN JUAN BOSCO', '2022-02-07 19:08:53', '2022-02-07 19:08:53'),
(1077, 14, 3, 'SAN MIGUEL DE CONCHAY', '2022-02-07 19:08:53', '2022-02-07 19:08:53'),
(1078, 14, 3, 'SANTA SUSANA DE CHIVIAZA', '2022-02-07 19:08:53', '2022-02-07 19:08:53'),
(1079, 14, 3, 'YUNGANZA', '2022-02-07 19:08:53', '2022-02-07 19:08:53'),
(1080, 14, 4, 'PALORA', '2022-02-07 19:08:53', '2022-02-07 19:08:53'),
(1081, 14, 4, 'ARAPICOS', '2022-02-07 19:08:53', '2022-02-07 19:08:53'),
(1082, 14, 4, 'CUMANDA', '2022-02-07 19:08:53', '2022-02-07 19:08:53'),
(1083, 14, 4, 'HUAMBOYA', '2022-02-07 19:08:53', '2022-02-07 19:08:53'),
(1084, 14, 4, 'SANGAY', '2022-02-07 19:08:53', '2022-02-07 19:08:53'),
(1085, 14, 4, '16 DE AGOSTO', '2022-02-07 19:08:53', '2022-02-07 19:08:53'),
(1086, 14, 5, 'SANTIAGO DE MENDEZ', '2022-02-07 19:08:53', '2022-02-07 19:08:53'),
(1087, 14, 5, 'COPAL', '2022-02-07 19:08:53', '2022-02-07 19:08:53'),
(1088, 14, 5, 'CHUPIANZA', '2022-02-07 19:08:53', '2022-02-07 19:08:53'),
(1089, 14, 5, 'PATUCA', '2022-02-07 19:08:53', '2022-02-07 19:08:53'),
(1090, 14, 5, 'SAN LUIS DE EL ACHO', '2022-02-07 19:08:53', '2022-02-07 19:08:53'),
(1091, 14, 5, 'SANTIAGO', '2022-02-07 19:08:53', '2022-02-07 19:08:53'),
(1092, 14, 5, 'TAYUZA', '2022-02-07 19:08:53', '2022-02-07 19:08:53'),
(1093, 14, 5, 'SAN FCO DE CHINIMBIMI', '2022-02-07 19:08:53', '2022-02-07 19:08:53'),
(1094, 14, 6, 'SUCUA', '2022-02-07 19:08:53', '2022-02-07 19:08:53'),
(1095, 14, 6, 'ASUNCION', '2022-02-07 19:08:53', '2022-02-07 19:08:53'),
(1096, 14, 6, 'HUAMBI', '2022-02-07 19:08:53', '2022-02-07 19:08:53'),
(1097, 14, 6, 'LOGROÑO', '2022-02-07 19:08:53', '2022-02-07 19:08:53'),
(1098, 14, 6, 'YAUPI', '2022-02-07 19:08:53', '2022-02-07 19:08:53'),
(1099, 14, 6, 'STA MARIANITA DE JESUS', '2022-02-07 19:08:53', '2022-02-07 19:08:53'),
(1100, 14, 7, 'HUAMBOYA', '2022-02-07 19:08:53', '2022-02-07 19:08:53'),
(1101, 14, 7, 'CHIGUAZA', '2022-02-07 19:08:53', '2022-02-07 19:08:53'),
(1102, 14, 7, 'PABLO SEXTO', '2022-02-07 19:08:53', '2022-02-07 19:08:53'),
(1103, 14, 8, 'SAN JUAN BOSCO', '2022-02-07 19:08:53', '2022-02-07 19:08:53'),
(1104, 14, 8, 'PAN DE AZUCAR', '2022-02-07 19:08:53', '2022-02-07 19:08:53'),
(1105, 14, 8, 'SAN CARLOS DE LIMON', '2022-02-07 19:08:53', '2022-02-07 19:08:53'),
(1106, 14, 8, 'SAN JACINTO DE WAKAMBEIS', '2022-02-07 19:08:53', '2022-02-07 19:08:53'),
(1107, 14, 8, 'SANTIAGO DE PANANZA', '2022-02-07 19:08:53', '2022-02-07 19:08:53'),
(1108, 14, 9, 'TAISHA', '2022-02-07 19:08:53', '2022-02-07 19:08:53'),
(1109, 14, 9, 'HUASAGA', '2022-02-07 19:08:53', '2022-02-07 19:08:53'),
(1110, 14, 9, 'MACUMA', '2022-02-07 19:08:53', '2022-02-07 19:08:53'),
(1111, 14, 9, 'TUUTINENTZA', '2022-02-07 19:08:53', '2022-02-07 19:08:53'),
(1112, 14, 10, 'LOGROÑO', '2022-02-07 19:08:53', '2022-02-07 19:08:53'),
(1113, 14, 10, 'YAUPI', '2022-02-07 19:08:53', '2022-02-07 19:08:53'),
(1114, 14, 10, 'SHIMPIS', '2022-02-07 19:08:53', '2022-02-07 19:08:53'),
(1115, 14, 11, 'PABLO SEXTO', '2022-02-07 19:08:53', '2022-02-07 19:08:53'),
(1116, 14, 12, 'SANTIAGO', '2022-02-07 19:08:53', '2022-02-07 19:08:53'),
(1117, 14, 12, 'SAN JOSE DE MORONA', '2022-02-07 19:08:53', '2022-02-07 19:08:53'),
(1118, 15, 1, 'TENA', '2022-02-07 19:08:53', '2022-02-07 19:08:53'),
(1119, 15, 1, 'AHUANO', '2022-02-07 19:08:53', '2022-02-07 19:08:53'),
(1120, 15, 1, 'CARLOS JULIO AROSEMENA T', '2022-02-07 19:08:53', '2022-02-07 19:08:53'),
(1121, 15, 1, 'CHONTAPUNTA', '2022-02-07 19:08:53', '2022-02-07 19:08:53'),
(1122, 15, 1, 'PANO', '2022-02-07 19:08:53', '2022-02-07 19:08:53'),
(1123, 15, 1, 'PUERTO MISAHUALLI', '2022-02-07 19:08:53', '2022-02-07 19:08:53'),
(1124, 15, 1, 'PUERTO NAPO', '2022-02-07 19:08:53', '2022-02-07 19:08:53'),
(1125, 15, 1, 'TALAG', '2022-02-07 19:08:53', '2022-02-07 19:08:53'),
(1126, 15, 2, 'AGUARICO', '2022-02-07 19:08:53', '2022-02-07 19:08:53'),
(1127, 15, 3, 'ARCHIDONA', '2022-02-07 19:08:53', '2022-02-07 19:08:53'),
(1128, 15, 3, 'AVILA', '2022-02-07 19:08:53', '2022-02-07 19:08:53'),
(1129, 15, 3, 'COTUNDO', '2022-02-07 19:08:53', '2022-02-07 19:08:53'),
(1130, 15, 3, 'LORETO', '2022-02-07 19:08:53', '2022-02-07 19:08:53'),
(1131, 15, 3, 'SAN PABLO DE USHPAYACU', '2022-02-07 19:08:53', '2022-02-07 19:08:53'),
(1132, 15, 3, 'PUERTO MURIALDO', '2022-02-07 19:08:53', '2022-02-07 19:08:53'),
(1133, 15, 4, 'EL CHACO', '2022-02-07 19:08:53', '2022-02-07 19:08:53'),
(1134, 15, 4, 'GONZALO DIAZ DE PINEDA', '2022-02-07 19:08:53', '2022-02-07 19:08:53'),
(1135, 15, 4, 'LINARES', '2022-02-07 19:08:53', '2022-02-07 19:08:53'),
(1136, 15, 4, 'OYACACHI', '2022-02-07 19:08:53', '2022-02-07 19:08:53'),
(1137, 15, 4, 'SANTA ROSA', '2022-02-07 19:08:53', '2022-02-07 19:08:53'),
(1138, 15, 4, 'SARDINAS', '2022-02-07 19:08:53', '2022-02-07 19:08:53'),
(1139, 15, 5, 'LA JOYA DE LOS SACHAS', '2022-02-07 19:08:53', '2022-02-07 19:08:53'),
(1140, 15, 6, 'ORELLANA', '2022-02-07 19:08:53', '2022-02-07 19:08:53'),
(1141, 15, 7, 'BAEZA', '2022-02-07 19:08:53', '2022-02-07 19:08:53'),
(1142, 15, 7, 'COSANGA', '2022-02-07 19:08:53', '2022-02-07 19:08:53'),
(1143, 15, 7, 'CUYUJA', '2022-02-07 19:08:53', '2022-02-07 19:08:53'),
(1144, 15, 7, 'PAPALLACTA', '2022-02-07 19:08:53', '2022-02-07 19:08:53'),
(1145, 15, 7, 'SAN FRANCISCO DE BORJA', '2022-02-07 19:08:53', '2022-02-07 19:08:53'),
(1146, 15, 7, 'SAN JOSE DEL PAYAMINO', '2022-02-07 19:08:53', '2022-02-07 19:08:53'),
(1147, 15, 7, 'SUMACO', '2022-02-07 19:08:53', '2022-02-07 19:08:53'),
(1148, 15, 8, ' LORETO', '2022-02-07 19:08:53', '2022-02-07 19:08:53'),
(1149, 15, 9, 'CARLOS JULIO AROSEMENA T', '2022-02-07 19:08:53', '2022-02-07 19:08:53'),
(1150, 16, 1, 'PUYO', '2022-02-07 19:08:53', '2022-02-07 19:08:53'),
(1151, 16, 1, 'ARAJUNO', '2022-02-07 19:08:53', '2022-02-07 19:08:53'),
(1152, 16, 1, 'CANELOS', '2022-02-07 19:08:53', '2022-02-07 19:08:53'),
(1153, 16, 1, 'CURARAY', '2022-02-07 19:08:53', '2022-02-07 19:08:53'),
(1154, 16, 1, 'DIEZ  DE AGOSTO', '2022-02-07 19:08:53', '2022-02-07 19:08:53'),
(1155, 16, 1, 'FATIMA', '2022-02-07 19:08:53', '2022-02-07 19:08:53'),
(1156, 16, 1, 'MONTALVO', '2022-02-07 19:08:53', '2022-02-07 19:08:53'),
(1157, 16, 1, 'POMONA', '2022-02-07 19:08:53', '2022-02-07 19:08:53'),
(1158, 16, 1, 'RIO CORRIENTES', '2022-02-07 19:08:53', '2022-02-07 19:08:53'),
(1159, 16, 1, 'RIO TIGRE', '2022-02-07 19:08:53', '2022-02-07 19:08:53'),
(1160, 16, 1, 'SANTA CLARA', '2022-02-07 19:08:53', '2022-02-07 19:08:53'),
(1161, 16, 1, 'SARAYACU', '2022-02-07 19:08:53', '2022-02-07 19:08:53'),
(1162, 16, 1, 'SIMON BOLIVAR', '2022-02-07 19:08:53', '2022-02-07 19:08:53'),
(1163, 16, 1, 'TARQUI', '2022-02-07 19:08:53', '2022-02-07 19:08:53'),
(1164, 16, 1, 'TENIENTE HUGO ORTIZ', '2022-02-07 19:08:53', '2022-02-07 19:08:53'),
(1165, 16, 1, 'VERACRUZ', '2022-02-07 19:08:53', '2022-02-07 19:08:53'),
(1166, 16, 1, 'EL TRIUNFO', '2022-02-07 19:08:53', '2022-02-07 19:08:53'),
(1167, 16, 2, 'MERA', '2022-02-07 19:08:53', '2022-02-07 19:08:53'),
(1168, 16, 2, 'MADRE TIERRA', '2022-02-07 19:08:53', '2022-02-07 19:08:53'),
(1169, 16, 2, 'SHELL', '2022-02-07 19:08:53', '2022-02-07 19:08:53'),
(1170, 16, 3, 'SANTA CLARA', '2022-02-07 19:08:53', '2022-02-07 19:08:53'),
(1171, 16, 3, 'SAN JOSE', '2022-02-07 19:08:53', '2022-02-07 19:08:53'),
(1172, 16, 4, 'ARAJUNO', '2022-02-07 19:08:53', '2022-02-07 19:08:53'),
(1173, 16, 4, 'CURARAY', '2022-02-07 19:08:53', '2022-02-07 19:08:53'),
(1174, 18, 1, 'AMBATO', '2022-02-07 19:08:53', '2022-02-07 19:08:53'),
(1175, 18, 1, 'ATOCHA – FICOA', '2022-02-07 19:08:53', '2022-02-07 19:08:53'),
(1176, 18, 1, 'CELIANO MONGE', '2022-02-07 19:08:53', '2022-02-07 19:08:53'),
(1177, 18, 1, 'HUACHI CHICO', '2022-02-07 19:08:53', '2022-02-07 19:08:53'),
(1178, 18, 1, 'HUACHI LORETO', '2022-02-07 19:08:53', '2022-02-07 19:08:53'),
(1179, 18, 1, 'LA MERCED', '2022-02-07 19:08:53', '2022-02-07 19:08:53'),
(1180, 18, 1, 'LA PENINSULA', '2022-02-07 19:08:53', '2022-02-07 19:08:53'),
(1181, 18, 1, 'MATRIZ', '2022-02-07 19:08:53', '2022-02-07 19:08:53'),
(1182, 18, 1, 'PISHILATA', '2022-02-07 19:08:53', '2022-02-07 19:08:53'),
(1183, 18, 1, 'SAN FRANCISCO', '2022-02-07 19:08:53', '2022-02-07 19:08:53'),
(1184, 18, 1, 'AMBATILLO', '2022-02-07 19:08:53', '2022-02-07 19:08:53'),
(1185, 18, 1, 'ATAHUALPA', '2022-02-07 19:08:53', '2022-02-07 19:08:53'),
(1186, 18, 1, 'AUGUSTO N. MARTINEZ', '2022-02-07 19:08:53', '2022-02-07 19:08:53'),
(1187, 18, 1, 'CONSTANTINO FERNANDEZ', '2022-02-07 19:08:53', '2022-02-07 19:08:53'),
(1188, 18, 1, 'HUACHI GRANDE', '2022-02-07 19:08:53', '2022-02-07 19:08:53'),
(1189, 18, 1, 'IZAMBA', '2022-02-07 19:08:53', '2022-02-07 19:08:53'),
(1190, 18, 1, 'JUAN BENIGNO VELA', '2022-02-07 19:08:53', '2022-02-07 19:08:53'),
(1191, 18, 1, 'MONTALVO', '2022-02-07 19:08:53', '2022-02-07 19:08:53'),
(1192, 18, 1, 'PASA', '2022-02-07 19:08:53', '2022-02-07 19:08:53'),
(1193, 18, 1, 'PICAIGUA', '2022-02-07 19:08:53', '2022-02-07 19:08:53'),
(1194, 18, 1, 'PILAGUIN', '2022-02-07 19:08:53', '2022-02-07 19:08:53'),
(1195, 18, 1, 'QUISAPINCHA', '2022-02-07 19:08:53', '2022-02-07 19:08:53'),
(1196, 18, 1, 'SAN BARTOLOME DE PINLLOG', '2022-02-07 19:08:53', '2022-02-07 19:08:53'),
(1197, 18, 1, 'SAN FERNANDO', '2022-02-07 19:08:53', '2022-02-07 19:08:53'),
(1198, 18, 1, 'SANTA ROSA', '2022-02-07 19:08:53', '2022-02-07 19:08:53'),
(1199, 18, 1, 'TOTORAS', '2022-02-07 19:08:53', '2022-02-07 19:08:53'),
(1200, 18, 1, 'CUNCHIBAMBA', '2022-02-07 19:08:53', '2022-02-07 19:08:53'),
(1201, 18, 1, 'UNAMUNCHO', '2022-02-07 19:08:53', '2022-02-07 19:08:53'),
(1202, 18, 2, 'BAÑOS DE AGUA SANTA', '2022-02-07 19:08:53', '2022-02-07 19:08:53'),
(1203, 18, 2, 'LLIGUA', '2022-02-07 19:08:53', '2022-02-07 19:08:53'),
(1204, 18, 2, 'RIO NEGRO', '2022-02-07 19:08:53', '2022-02-07 19:08:53'),
(1205, 18, 2, 'RIO VERDE', '2022-02-07 19:08:53', '2022-02-07 19:08:53'),
(1206, 18, 2, 'ULBA', '2022-02-07 19:08:53', '2022-02-07 19:08:53'),
(1207, 18, 3, 'CEVALLOS', '2022-02-07 19:08:53', '2022-02-07 19:08:53'),
(1208, 18, 4, 'MOCHA', '2022-02-07 19:08:53', '2022-02-07 19:08:53'),
(1209, 18, 4, 'PINGUILI', '2022-02-07 19:08:53', '2022-02-07 19:08:53'),
(1210, 18, 5, 'PATATE', '2022-02-07 19:08:53', '2022-02-07 19:08:53'),
(1211, 18, 5, 'EL TRIUNFO', '2022-02-07 19:08:53', '2022-02-07 19:08:53'),
(1212, 18, 5, 'LOS ANDES', '2022-02-07 19:08:53', '2022-02-07 19:08:53'),
(1213, 18, 5, 'SUCRE', '2022-02-07 19:08:53', '2022-02-07 19:08:53'),
(1214, 18, 6, 'QUERO', '2022-02-07 19:08:53', '2022-02-07 19:08:53'),
(1215, 18, 6, 'RUMIPAMBA', '2022-02-07 19:08:53', '2022-02-07 19:08:53'),
(1216, 18, 6, 'YANAYACU - MOCHAPATA', '2022-02-07 19:08:53', '2022-02-07 19:08:53'),
(1217, 18, 7, 'PELILEO', '2022-02-07 19:08:53', '2022-02-07 19:08:53'),
(1218, 18, 7, 'PELILEO GRANDE', '2022-02-07 19:08:53', '2022-02-07 19:08:53'),
(1219, 18, 7, 'BENITEZ', '2022-02-07 19:08:53', '2022-02-07 19:08:53'),
(1220, 18, 7, 'BOLIVAR', '2022-02-07 19:08:53', '2022-02-07 19:08:53'),
(1221, 18, 7, 'COTALO', '2022-02-07 19:08:53', '2022-02-07 19:08:53'),
(1222, 18, 7, 'CHIQUICHA', '2022-02-07 19:08:53', '2022-02-07 19:08:53'),
(1223, 18, 7, 'EL ROSARIO', '2022-02-07 19:08:53', '2022-02-07 19:08:53'),
(1224, 18, 7, 'GARCIA MORENO', '2022-02-07 19:08:53', '2022-02-07 19:08:53'),
(1225, 18, 7, 'GUAMBALO', '2022-02-07 19:08:53', '2022-02-07 19:08:53'),
(1226, 18, 7, 'SALASACA', '2022-02-07 19:08:53', '2022-02-07 19:08:53'),
(1227, 18, 8, 'PILLARO', '2022-02-07 19:08:53', '2022-02-07 19:08:53'),
(1228, 18, 8, 'CIUDAD NUEVA', '2022-02-07 19:08:53', '2022-02-07 19:08:53'),
(1229, 18, 8, 'PILLARO', '2022-02-07 19:08:53', '2022-02-07 19:08:53'),
(1230, 18, 8, 'BAQUERIZO MORENO', '2022-02-07 19:08:53', '2022-02-07 19:08:53'),
(1231, 18, 8, 'EMILIO MARIA TERAN', '2022-02-07 19:08:53', '2022-02-07 19:08:53'),
(1232, 18, 8, 'MARCOS ESPINEL', '2022-02-07 19:08:53', '2022-02-07 19:08:53'),
(1233, 18, 8, 'PRESIDENTE URBINA', '2022-02-07 19:08:53', '2022-02-07 19:08:53'),
(1234, 18, 8, 'SAN ANDRES', '2022-02-07 19:08:53', '2022-02-07 19:08:53'),
(1235, 18, 8, 'SAN JOSE DE POALO', '2022-02-07 19:08:53', '2022-02-07 19:08:53'),
(1236, 18, 8, 'SAN MIGUELITO', '2022-02-07 19:08:53', '2022-02-07 19:08:53'),
(1237, 18, 9, 'TISALEO', '2022-02-07 19:08:53', '2022-02-07 19:08:53'),
(1238, 18, 9, 'QUINCHICOTO', '2022-02-07 19:08:53', '2022-02-07 19:08:53'),
(1239, 19, 1, 'ZAMORA', '2022-02-07 19:08:53', '2022-02-07 19:08:53'),
(1240, 19, 1, 'EL LIMON', '2022-02-07 19:08:53', '2022-02-07 19:08:53'),
(1241, 19, 1, 'ZAMORA', '2022-02-07 19:08:53', '2022-02-07 19:08:53'),
(1242, 19, 1, 'CUMBARATZA', '2022-02-07 19:08:53', '2022-02-07 19:08:53'),
(1243, 19, 1, 'GUADALUPE', '2022-02-07 19:08:53', '2022-02-07 19:08:53'),
(1244, 19, 1, 'IMBANA', '2022-02-07 19:08:53', '2022-02-07 19:08:53'),
(1245, 19, 1, 'PAQUISHA', '2022-02-07 19:08:53', '2022-02-07 19:08:53'),
(1246, 19, 1, 'SABANILLA', '2022-02-07 19:08:53', '2022-02-07 19:08:53'),
(1247, 19, 1, 'TIMBARA', '2022-02-07 19:08:53', '2022-02-07 19:08:53'),
(1248, 19, 1, 'ZUMBI', '2022-02-07 19:08:53', '2022-02-07 19:08:53'),
(1249, 19, 1, 'SAN CARLOS DE LAS MINAS', '2022-02-07 19:08:53', '2022-02-07 19:08:53'),
(1250, 19, 2, 'ZUMBA', '2022-02-07 19:08:53', '2022-02-07 19:08:53'),
(1251, 19, 2, 'CHITO', '2022-02-07 19:08:53', '2022-02-07 19:08:53'),
(1252, 19, 2, 'EL CHORRO', '2022-02-07 19:08:53', '2022-02-07 19:08:53'),
(1253, 19, 2, 'EL PORVENIR DEL CARMEN', '2022-02-07 19:08:53', '2022-02-07 19:08:53'),
(1254, 19, 2, 'LA CHONTA', '2022-02-07 19:08:53', '2022-02-07 19:08:53'),
(1255, 19, 2, 'PALANDA', '2022-02-07 19:08:53', '2022-02-07 19:08:53'),
(1256, 19, 2, 'PUCAPAMBA', '2022-02-07 19:08:53', '2022-02-07 19:08:53'),
(1257, 19, 2, 'SAN FRANCISCO DEL VERGEL', '2022-02-07 19:08:53', '2022-02-07 19:08:53'),
(1258, 19, 2, 'VALLADOLID', '2022-02-07 19:08:53', '2022-02-07 19:08:53'),
(1259, 19, 3, 'GUAYZIMI', '2022-02-07 19:08:53', '2022-02-07 19:08:53'),
(1260, 19, 3, 'ZURMI', '2022-02-07 19:08:53', '2022-02-07 19:08:53'),
(1261, 19, 4, '28 DE MAYO', '2022-02-07 19:08:53', '2022-02-07 19:08:53'),
(1262, 19, 4, 'LA PAZ', '2022-02-07 19:08:53', '2022-02-07 19:08:53'),
(1263, 19, 4, 'TUTUPALI', '2022-02-07 19:08:53', '2022-02-07 19:08:53'),
(1264, 19, 5, 'YANTZAZA', '2022-02-07 19:08:53', '2022-02-07 19:08:53'),
(1265, 19, 5, 'CHICAÑA', '2022-02-07 19:08:53', '2022-02-07 19:08:53'),
(1266, 19, 5, 'EL PANGUI', '2022-02-07 19:08:53', '2022-02-07 19:08:53'),
(1267, 19, 5, 'LOS ENCUENTROS', '2022-02-07 19:08:53', '2022-02-07 19:08:53'),
(1268, 19, 6, 'EL PANGUI', '2022-02-07 19:08:53', '2022-02-07 19:08:53'),
(1269, 19, 6, 'EL GUISME', '2022-02-07 19:08:53', '2022-02-07 19:08:53'),
(1270, 19, 6, 'PACHICUTZA', '2022-02-07 19:08:53', '2022-02-07 19:08:53'),
(1271, 19, 6, 'TUNDAYME', '2022-02-07 19:08:53', '2022-02-07 19:08:53'),
(1272, 19, 7, 'ZUMBI', '2022-02-07 19:08:53', '2022-02-07 19:08:53'),
(1273, 19, 7, 'PAQUISHA', '2022-02-07 19:08:53', '2022-02-07 19:08:53'),
(1274, 19, 8, 'PALANDA', '2022-02-07 19:08:53', '2022-02-07 19:08:53'),
(1275, 19, 8, 'EL PORVENIR DEL CARMEN', '2022-02-07 19:08:53', '2022-02-07 19:08:53'),
(1276, 19, 8, 'SAN FRANCISCO DE VERGEL', '2022-02-07 19:08:53', '2022-02-07 19:08:53'),
(1277, 19, 8, 'VALLADOLID', '2022-02-07 19:08:53', '2022-02-07 19:08:53'),
(1278, 19, 9, 'PAQUISHA', '2022-02-07 19:08:53', '2022-02-07 19:08:53'),
(1279, 20, 1, 'PUERTO BAQUERIZO M', '2022-02-07 19:08:53', '2022-02-07 19:08:53'),
(1280, 20, 1, 'EL PROGRESO', '2022-02-07 19:08:53', '2022-02-07 19:08:53'),
(1281, 20, 1, 'ISLA SANTA MARIA (FLOREANA)', '2022-02-07 19:08:53', '2022-02-07 19:08:53'),
(1282, 20, 2, 'PUERTO VILLAMIL', '2022-02-07 19:08:53', '2022-02-07 19:08:53'),
(1283, 20, 2, 'TOMAS DE BERLANGA', '2022-02-07 19:08:53', '2022-02-07 19:08:53'),
(1284, 20, 3, 'PUERTO AYORA', '2022-02-07 19:08:53', '2022-02-07 19:08:53'),
(1285, 20, 3, 'BELLAVISTA', '2022-02-07 19:08:53', '2022-02-07 19:08:53'),
(1286, 21, 1, 'NUEVA LOJA', '2022-02-07 19:08:53', '2022-02-07 19:08:53'),
(1287, 21, 1, 'CUYABENO', '2022-02-07 19:08:53', '2022-02-07 19:08:53'),
(1288, 21, 1, 'DURENO', '2022-02-07 19:08:53', '2022-02-07 19:08:53'),
(1289, 21, 1, 'GENERAL FARFAN', '2022-02-07 19:08:53', '2022-02-07 19:08:53'),
(1290, 21, 1, 'TARAPOA', '2022-02-07 19:08:53', '2022-02-07 19:08:53'),
(1291, 21, 1, 'EL ENO', '2022-02-07 19:08:53', '2022-02-07 19:08:53'),
(1292, 21, 1, 'PACAYACU', '2022-02-07 19:08:53', '2022-02-07 19:08:53'),
(1293, 21, 1, 'JAMBELI', '2022-02-07 19:08:53', '2022-02-07 19:08:53'),
(1294, 21, 1, 'SANTA CECILIA', '2022-02-07 19:08:53', '2022-02-07 19:08:53'),
(1295, 21, 1, 'AGUAS NEGRAS', '2022-02-07 19:08:53', '2022-02-07 19:08:53'),
(1296, 21, 2, 'EL DORADO DE CASCALES', '2022-02-07 19:08:53', '2022-02-07 19:08:53'),
(1297, 21, 2, 'EL REVENTADOR', '2022-02-07 19:08:53', '2022-02-07 19:08:53'),
(1298, 21, 2, 'GONZALO PIZARRO', '2022-02-07 19:08:53', '2022-02-07 19:08:53'),
(1299, 21, 2, 'LUMBAQUI', '2022-02-07 19:08:53', '2022-02-07 19:08:53'),
(1300, 21, 2, 'PUERTO LIBRE', '2022-02-07 19:08:53', '2022-02-07 19:08:53'),
(1301, 21, 2, 'SANTA ROSA DE SUCUMBIOS', '2022-02-07 19:08:53', '2022-02-07 19:08:53'),
(1302, 21, 3, 'PTO CARMEN DEL PUTUMAYO', '2022-02-07 19:08:53', '2022-02-07 19:08:53'),
(1303, 21, 3, 'PALMA ROJA', '2022-02-07 19:08:53', '2022-02-07 19:08:53'),
(1304, 21, 3, 'PUERTO BOLIVAR', '2022-02-07 19:08:53', '2022-02-07 19:08:53'),
(1305, 21, 3, 'PUERTO RODRIGUEZ', '2022-02-07 19:08:53', '2022-02-07 19:08:53'),
(1306, 21, 3, 'SANTA ELENA', '2022-02-07 19:08:53', '2022-02-07 19:08:53'),
(1307, 21, 4, 'SHUSHUFINDI', '2022-02-07 19:08:53', '2022-02-07 19:08:53'),
(1308, 21, 4, 'LIMONCOCHA', '2022-02-07 19:08:53', '2022-02-07 19:08:53'),
(1309, 21, 4, 'PAÑACOCHA', '2022-02-07 19:08:53', '2022-02-07 19:08:53'),
(1310, 21, 4, 'SAN ROQUE', '2022-02-07 19:08:53', '2022-02-07 19:08:53'),
(1311, 21, 4, 'SAN PEDRO DE LOS COFANES', '2022-02-07 19:08:53', '2022-02-07 19:08:53'),
(1312, 21, 4, 'SIETE DE JULIO', '2022-02-07 19:08:53', '2022-02-07 19:08:53'),
(1313, 21, 5, 'LA BONITA', '2022-02-07 19:08:53', '2022-02-07 19:08:53'),
(1314, 21, 5, 'EL PLAYON DE S FCO', '2022-02-07 19:08:53', '2022-02-07 19:08:53'),
(1315, 21, 5, 'LA SOFIA', '2022-02-07 19:08:53', '2022-02-07 19:08:53'),
(1316, 21, 5, 'ROSA FLORIDA', '2022-02-07 19:08:53', '2022-02-07 19:08:53'),
(1317, 21, 5, 'SANTA BARBARA', '2022-02-07 19:08:53', '2022-02-07 19:08:53'),
(1318, 21, 6, 'EL DORADO DE CASCALES', '2022-02-07 19:08:53', '2022-02-07 19:08:53'),
(1319, 21, 6, 'STA ROSA DE SUCUMBIOS', '2022-02-07 19:08:53', '2022-02-07 19:08:53'),
(1320, 21, 6, 'SEVILLA', '2022-02-07 19:08:53', '2022-02-07 19:08:53'),
(1321, 21, 7, 'TARAPOA', '2022-02-07 19:08:53', '2022-02-07 19:08:53'),
(1322, 21, 7, 'CUYABENO', '2022-02-07 19:08:53', '2022-02-07 19:08:53'),
(1323, 21, 7, 'AGUAS NEGRAS', '2022-02-07 19:08:53', '2022-02-07 19:08:53'),
(1324, 22, 1, 'PTO FRANCISCO DE ORELLANA', '2022-02-07 19:08:53', '2022-02-07 19:08:53'),
(1325, 22, 1, 'DAYUMA', '2022-02-07 19:08:53', '2022-02-07 19:08:53'),
(1326, 22, 1, 'TARACOA', '2022-02-07 19:08:53', '2022-02-07 19:08:53'),
(1327, 22, 2, 'NUEVO ROCAFUERTE', '2022-02-07 19:08:53', '2022-02-07 19:08:53'),
(1328, 22, 2, 'CAP AUGUSTO RIVADENEYRA', '2022-02-07 19:08:53', '2022-02-07 19:08:53'),
(1329, 22, 2, 'CONONACO', '2022-02-07 19:08:53', '2022-02-07 19:08:53'),
(1330, 22, 2, 'STA MARIA DE HUIRIRIMA', '2022-02-07 19:08:53', '2022-02-07 19:08:53'),
(1331, 22, 2, 'TIPUTINI', '2022-02-07 19:08:53', '2022-02-07 19:08:53'),
(1332, 22, 2, 'YASUNI', '2022-02-07 19:08:53', '2022-02-07 19:08:53'),
(1333, 22, 3, 'LA JOYA DE LOS SACHAS', '2022-02-07 19:08:53', '2022-02-07 19:08:53'),
(1334, 22, 3, 'ENOKANQUI', '2022-02-07 19:08:53', '2022-02-07 19:08:53'),
(1335, 22, 3, 'POMPEYA', '2022-02-07 19:08:53', '2022-02-07 19:08:53'),
(1336, 22, 3, 'SAN CARLOS', '2022-02-07 19:08:53', '2022-02-07 19:08:53'),
(1337, 22, 3, 'SAN SEBASTIAN DEL COCA', '2022-02-07 19:08:53', '2022-02-07 19:08:53'),
(1338, 22, 4, 'LORETO', '2022-02-07 19:08:53', '2022-02-07 19:08:53'),
(1339, 22, 4, 'AVILA', '2022-02-07 19:08:53', '2022-02-07 19:08:53'),
(1340, 22, 4, 'PUERTO MURIALDO', '2022-02-07 19:08:53', '2022-02-07 19:08:53'),
(1341, 22, 4, 'SAN JOSE DE PAYAMINO', '2022-02-07 19:08:53', '2022-02-07 19:08:53'),
(1342, 22, 4, 'SAN VICENTE DE HUATICOCHA', '2022-02-07 19:08:53', '2022-02-07 19:08:53');

-- --------------------------------------------------------

--
-- Table structure for table `password_resets`
--

CREATE TABLE `password_resets` (
  `email` varchar(255) COLLATE utf8mb4_unicode_ci NOT NULL,
  `token` varchar(255) COLLATE utf8mb4_unicode_ci NOT NULL,
  `created_at` timestamp NULL DEFAULT NULL
) ENGINE=InnoDB DEFAULT CHARSET=utf8mb4 COLLATE=utf8mb4_unicode_ci;

--
-- Dumping data for table `password_resets`
--

INSERT INTO `password_resets` (`email`, `token`, `created_at`) VALUES
('administrador@storevalentina.com', '$2y$10$Uio4yDG70DnskR.pyyHmuupqgXPuZ5cbub6jZF5CPQO4EQuttqqdW', '2022-02-08 06:09:12');

-- --------------------------------------------------------

--
-- Table structure for table `permissions`
--

CREATE TABLE `permissions` (
  `id` bigint(20) UNSIGNED NOT NULL,
  `permission` varchar(255) COLLATE utf8mb4_unicode_ci NOT NULL,
  `slug` varchar(255) COLLATE utf8mb4_unicode_ci NOT NULL,
  `description` text COLLATE utf8mb4_unicode_ci DEFAULT NULL,
  `created_at` timestamp NULL DEFAULT NULL,
  `updated_at` timestamp NULL DEFAULT NULL
) ENGINE=InnoDB DEFAULT CHARSET=utf8mb4 COLLATE=utf8mb4_unicode_ci;

--
-- Dumping data for table `permissions`
--

INSERT INTO `permissions` (`id`, `permission`, `slug`, `description`, `created_at`, `updated_at`) VALUES
(1, 'List role', 'role.index', 'A user can list role', '2022-02-07 19:08:49', '2022-02-07 19:08:49'),
(2, 'Show role', 'role.show', 'A user can show role', '2022-02-07 19:08:49', '2022-02-07 19:08:49'),
(3, 'Create role', 'role.create', 'A user can create role', '2022-02-07 19:08:49', '2022-02-07 19:08:49'),
(4, 'Edit role', 'role.edit', 'A user can edit role', '2022-02-07 19:08:49', '2022-02-07 19:08:49'),
(5, 'Destrory role', 'role.destrory', 'A user can destrory role', '2022-02-07 19:08:49', '2022-02-07 19:08:49'),
(6, 'List user', 'user.index', 'A user can list user', '2022-02-07 19:08:49', '2022-02-07 19:08:49'),
(7, 'Create user', 'user.create', 'A user can create user', '2022-02-07 19:08:49', '2022-02-07 19:08:49'),
(8, 'Edit user', 'user.edit', 'A user can edit user', '2022-02-07 19:08:49', '2022-02-07 19:08:49'),
(9, 'Destrory user', 'user.destrory', 'A user can destrory user', '2022-02-07 19:08:49', '2022-02-07 19:08:49');

-- --------------------------------------------------------

--
-- Table structure for table `permission_role`
--

CREATE TABLE `permission_role` (
  `id` bigint(20) UNSIGNED NOT NULL,
  `role_id` bigint(20) UNSIGNED NOT NULL,
  `permission_id` bigint(20) UNSIGNED NOT NULL,
  `created_at` timestamp NULL DEFAULT NULL,
  `updated_at` timestamp NULL DEFAULT NULL
) ENGINE=InnoDB DEFAULT CHARSET=utf8mb4 COLLATE=utf8mb4_unicode_ci;

-- --------------------------------------------------------

--
-- Table structure for table `productos`
--

CREATE TABLE `productos` (
  `id` bigint(20) UNSIGNED NOT NULL,
  `relaccion_id` bigint(20) UNSIGNED NOT NULL,
  `origen_id` bigint(20) UNSIGNED NOT NULL,
  `codigo_producto` varchar(50) COLLATE utf8mb4_unicode_ci NOT NULL,
  `precio` decimal(18,2) NOT NULL,
  `stock` int(11) NOT NULL,
  `descripcion` varchar(300) COLLATE utf8mb4_unicode_ci NOT NULL,
  `fecha_ingreso` datetime NOT NULL,
  `estado` varchar(1) COLLATE utf8mb4_unicode_ci NOT NULL,
  `created_at` timestamp NULL DEFAULT NULL,
  `updated_at` timestamp NULL DEFAULT NULL
) ENGINE=InnoDB DEFAULT CHARSET=utf8mb4 COLLATE=utf8mb4_unicode_ci;

--
-- Dumping data for table `productos`
--

INSERT INTO `productos` (`id`, `relaccion_id`, `origen_id`, `codigo_producto`, `precio`, `stock`, `descripcion`, `fecha_ingreso`, `estado`, `created_at`, `updated_at`) VALUES
(1, 1, 2, '8B1U9A3P01', '25.00', 50, 'Una tienda virtual o tienda online es un sitio web diseñado especialmente para vender productos u ofrecer servicios mediante el comercio electrónico.', '2021-09-02 14:09:06', '2', '2022-02-07 19:13:49', '2022-02-07 19:13:49'),
(2, 2, 2, '8B1U9A3P02', '20.00', 33, 'Una tienda virtual o tienda online es un sitio web diseñado especialmente para vender productos u ofrecer servicios mediante el comercio electrónico.', '2021-09-02 14:09:06', '2', '2022-02-07 19:13:49', '2022-11-12 04:09:51'),
(3, 3, 1, '8B1U9A3P03', '50.00', 34, 'Una tienda virtual o tienda online es un sitio web diseñado especialmente para vender productos u ofrecer servicios mediante el comercio electrónico.', '2021-09-02 14:09:06', '2', '2022-02-07 19:13:49', '2022-11-06 15:37:51'),
(4, 4, 4, '8B1U9A3P04', '15.00', 21, 'Una tienda virtual o tienda online es un sitio web diseñado especialmente para vender productos u ofrecer servicios mediante el comercio electrónico.', '2021-09-02 14:09:06', '2', '2022-02-07 19:13:49', '2022-11-09 20:52:08'),
(5, 5, 4, '8B1U9A3P05', '20.00', 23, 'Una tienda virtual o tienda online es un sitio web diseñado especialmente para vender productos u ofrecer servicios mediante el comercio electrónico.', '2021-09-02 14:09:06', '2', '2022-02-07 19:13:49', '2022-11-09 20:52:08'),
(6, 6, 4, '8B1U9A3P06', '5.00', 42, 'Una tienda virtual o tienda online es un sitio web diseñado especialmente para vender productos u ofrecer servicios mediante el comercio electrónico.', '2021-09-02 14:09:06', '2', '2022-02-07 19:13:49', '2022-11-01 01:49:23'),
(7, 7, 4, '8B1U9A3P07', '30.00', 16, 'Una tienda virtual o tienda online es un sitio web diseñado especialmente para vender productos u ofrecer servicios mediante el comercio electrónico.', '2021-09-02 14:09:06', '2', '2022-02-07 19:13:49', '2022-11-09 20:52:08'),
(8, 8, 4, '8B1U9A3P08', '10.00', 26, 'Una tienda virtual o tienda online es un sitio web diseñado especialmente para vender productos u ofrecer servicios mediante el comercio electrónico.', '2021-09-02 14:09:06', '2', '2022-02-07 19:13:49', '2022-11-07 14:56:50'),
(9, 9, 4, '8B1U9A3P09', '4.00', 50, 'Una tienda virtual o tienda online es un sitio web diseñado especialmente para vender productos u ofrecer servicios mediante el comercio electrónico.', '2021-09-02 14:09:06', '2', '2022-02-07 19:13:49', '2022-02-07 19:13:49'),
(10, 10, 4, '8B1U9A3P10', '20.00', 47, 'Una tienda virtual o tienda online es un sitio web diseñado especialmente para vender productos u ofrecer servicios mediante el comercio electrónico.', '2021-09-02 14:09:06', '2', '2022-02-07 19:13:49', '2022-11-12 03:26:47'),
(11, 11, 4, '8B1U9A3P11', '35.00', 20, 'Una tienda virtual o tienda online es un sitio web diseñado especialmente para vender productos u ofrecer servicios mediante el comercio electrónico.', '2021-09-02 14:09:06', '1', '2022-02-07 19:13:49', '2022-02-07 19:13:49'),
(12, 12, 4, '8B1U9A3P12', '5.00', 35, 'Una tienda virtual o tienda online es un sitio web diseñado especialmente para vender productos u ofrecer servicios mediante el comercio electrónico.', '2021-09-02 14:09:06', '1', '2022-02-07 19:13:49', '2022-02-07 19:13:49'),
(13, 13, 4, '8B1U9A3P13', '20.00', 50, 'Una tienda virtual o tienda online es un sitio web diseñado especialmente para vender productos u ofrecer servicios mediante el comercio electrónico.', '2021-09-02 14:09:06', '1', '2022-02-07 19:13:49', '2022-02-07 19:13:49'),
(14, 14, 4, '8B1U9A3P14', '10.00', 20, 'Una tienda virtual o tienda online es un sitio web diseñado especialmente para vender productos u ofrecer servicios mediante el comercio electrónico.', '2021-09-02 14:09:06', '1', '2022-02-07 19:13:49', '2022-02-07 19:13:49'),
(15, 15, 4, '8B1U9A3P15', '10.00', 20, 'Una tienda virtual o tienda online es un sitio web diseñado especialmente para vender productos u ofrecer servicios mediante el comercio electrónico.', '2021-09-02 14:09:06', '1', '2022-02-07 19:13:49', '2022-02-07 19:13:49'),
(16, 16, 4, '8B1U9A3P16', '10.00', 20, 'Una tienda virtual o tienda online es un sitio web diseñado especialmente para vender productos u ofrecer servicios mediante el comercio electrónico.', '2021-09-02 14:09:06', '1', '2022-02-07 19:13:49', '2022-02-07 19:13:49'),
(17, 17, 4, '8B1U9A3P17', '10.00', 20, 'Una tienda virtual o tienda online es un sitio web diseñado especialmente para vender productos u ofrecer servicios mediante el comercio electrónico.', '2021-09-02 14:09:06', '1', '2022-02-07 19:13:49', '2022-02-07 19:13:49'),
(18, 18, 4, '8B1U9A3P18', '5.00', 50, 'Una tienda virtual o tienda online es un sitio web diseñado especialmente para vender productos u ofrecer servicios mediante el comercio electrónico.', '2021-09-02 14:09:06', '1', '2022-02-07 19:13:49', '2022-02-07 19:13:49'),
(19, 19, 4, '8B1U9A3P19', '12.00', 30, 'Una tienda virtual o tienda online es un sitio web diseñado especialmente para vender productos u ofrecer servicios mediante el comercio electrónico.', '2021-09-02 14:09:06', '1', '2022-02-07 19:13:49', '2022-02-07 19:13:49'),
(20, 20, 4, '8B1U9A3P20', '15.00', 35, 'Una tienda virtual o tienda online es un sitio web diseñado especialmente para vender productos u ofrecer servicios mediante el comercio electrónico.', '2021-09-02 14:09:06', '1', '2022-02-07 19:13:49', '2022-02-07 19:13:49'),
(21, 21, 4, '8B1U9A3P21', '15.00', 35, 'Una tienda virtual o tienda online es un sitio web diseñado especialmente para vender productos u ofrecer servicios mediante el comercio electrónico.', '2021-09-02 14:09:06', '1', '2022-02-07 19:13:49', '2022-02-07 19:13:49'),
(22, 22, 4, '8B1U9A3P22', '15.00', 35, 'Una tienda virtual o tienda online es un sitio web diseñado especialmente para vender productos u ofrecer servicios mediante el comercio electrónico.', '2021-09-02 14:09:06', '1', '2022-02-07 19:13:49', '2022-02-07 19:13:49'),
(23, 23, 4, '8B1U9A3P23', '200.00', 5, 'Una tienda virtual o tienda online es un sitio web diseñado especialmente para vender productos u ofrecer servicios mediante el comercio electrónico.', '2021-09-02 14:09:06', '1', '2022-02-07 19:13:49', '2022-02-07 19:13:49'),
(24, 24, 4, '8B1U9A3P24', '300.00', 5, 'Una tienda virtual o tienda online es un sitio web diseñado especialmente para vender productos u ofrecer servicios mediante el comercio electrónico.', '2021-09-02 14:09:06', '1', '2022-02-07 19:13:49', '2022-02-07 19:13:49'),
(25, 25, 4, '8B1U9A3P25', '10.00', 35, 'Una tienda virtual o tienda online es un sitio web diseñado especialmente para vender productos u ofrecer servicios mediante el comercio electrónico.', '2021-09-02 14:09:06', '1', '2022-02-07 19:13:49', '2022-02-07 19:13:49');

-- --------------------------------------------------------

--
-- Table structure for table `provincias`
--

CREATE TABLE `provincias` (
  `id` bigint(20) UNSIGNED NOT NULL,
  `provincia_id` int(11) NOT NULL,
  `provincia` varchar(100) COLLATE utf8mb4_unicode_ci NOT NULL,
  `created_at` timestamp NULL DEFAULT NULL,
  `updated_at` timestamp NULL DEFAULT NULL
) ENGINE=InnoDB DEFAULT CHARSET=utf8mb4 COLLATE=utf8mb4_unicode_ci;

--
-- Dumping data for table `provincias`
--

INSERT INTO `provincias` (`id`, `provincia_id`, `provincia`, `created_at`, `updated_at`) VALUES
(1, 17, 'PICHINCHA', '2022-02-07 19:08:50', '2022-02-07 19:08:50'),
(2, 1, 'AZUAY', '2022-02-07 19:08:50', '2022-02-07 19:08:50'),
(3, 2, 'BOLÍVAR', '2022-02-07 19:08:50', '2022-02-07 19:08:50'),
(4, 3, 'CAÑAR', '2022-02-07 19:08:50', '2022-02-07 19:08:50'),
(5, 4, 'CARCHI', '2022-02-07 19:08:50', '2022-02-07 19:08:50'),
(6, 5, 'COTOPAXI', '2022-02-07 19:08:50', '2022-02-07 19:08:50'),
(7, 6, 'CHIMBORAZO', '2022-02-07 19:08:50', '2022-02-07 19:08:50'),
(8, 7, 'EL ORO', '2022-02-07 19:08:50', '2022-02-07 19:08:50'),
(9, 8, 'ESMERALDAS', '2022-02-07 19:08:50', '2022-02-07 19:08:50'),
(10, 9, 'GUAYAS', '2022-02-07 19:08:50', '2022-02-07 19:08:50'),
(11, 10, 'IMBABURA', '2022-02-07 19:08:50', '2022-02-07 19:08:50'),
(12, 11, 'LOJA', '2022-02-07 19:08:50', '2022-02-07 19:08:50'),
(13, 12, 'LOS RIOS', '2022-02-07 19:08:50', '2022-02-07 19:08:50'),
(14, 13, 'MANABI', '2022-02-07 19:08:50', '2022-02-07 19:08:50'),
(15, 14, 'MORONA SANTIAGO', '2022-02-07 19:08:50', '2022-02-07 19:08:50'),
(16, 15, 'NAPO', '2022-02-07 19:08:50', '2022-02-07 19:08:50'),
(17, 16, 'PASTAZA', '2022-02-07 19:08:50', '2022-02-07 19:08:50'),
(18, 18, 'TUNGURAHUA', '2022-02-07 19:08:50', '2022-02-07 19:08:50'),
(19, 19, 'ZAMORA CHINCHIPE', '2022-02-07 19:08:50', '2022-02-07 19:08:50'),
(20, 20, 'GALAPAGOS', '2022-02-07 19:08:50', '2022-02-07 19:08:50'),
(21, 21, 'SUCUMBÍOS', '2022-02-07 19:08:50', '2022-02-07 19:08:50'),
(22, 22, 'ORELLANA', '2022-02-07 19:08:50', '2022-02-07 19:08:50');

-- --------------------------------------------------------

--
-- Table structure for table `publicados`
--

CREATE TABLE `publicados` (
  `id` bigint(20) UNSIGNED NOT NULL,
  `producto_id` bigint(20) UNSIGNED NOT NULL,
  `fecha_publicado` datetime NOT NULL,
  `estado` varchar(1) COLLATE utf8mb4_unicode_ci NOT NULL,
  `created_at` timestamp NULL DEFAULT NULL,
  `updated_at` timestamp NULL DEFAULT NULL
) ENGINE=InnoDB DEFAULT CHARSET=utf8mb4 COLLATE=utf8mb4_unicode_ci;

--
-- Dumping data for table `publicados`
--

INSERT INTO `publicados` (`id`, `producto_id`, `fecha_publicado`, `estado`, `created_at`, `updated_at`) VALUES
(1, 1, '2021-10-05 00:00:00', '1', '2022-02-07 19:13:49', '2022-02-07 19:13:49'),
(2, 2, '2021-10-05 00:00:00', '1', '2022-02-07 19:13:49', '2022-02-07 19:13:49'),
(3, 3, '2021-10-05 00:00:00', '1', '2022-02-07 19:13:49', '2022-02-07 19:13:49'),
(4, 4, '2021-10-05 00:00:00', '1', '2022-02-07 19:13:49', '2022-02-07 19:13:49'),
(5, 5, '2021-10-05 00:00:00', '1', '2022-02-07 19:13:49', '2022-02-07 19:13:49'),
(6, 6, '2021-10-05 00:00:00', '3', '2022-02-07 19:13:49', '2022-02-07 19:13:49'),
(7, 7, '2021-10-05 00:00:00', '3', '2022-02-07 19:13:49', '2022-02-07 19:13:49'),
(8, 8, '2021-10-05 00:00:00', '3', '2022-02-07 19:13:49', '2022-02-07 19:13:49'),
(9, 9, '2021-10-05 00:00:00', '3', '2022-02-07 19:13:49', '2022-02-07 19:13:49'),
(10, 10, '2021-10-05 00:00:00', '3', '2022-02-07 19:13:49', '2022-02-07 19:13:49');

-- --------------------------------------------------------

--
-- Table structure for table `relaccions`
--

CREATE TABLE `relaccions` (
  `id` bigint(20) UNSIGNED NOT NULL,
  `estado` varchar(1) COLLATE utf8mb4_unicode_ci NOT NULL,
  `color_id` bigint(20) UNSIGNED NOT NULL,
  `categoria_id` bigint(20) UNSIGNED NOT NULL,
  `seccion_id` bigint(20) UNSIGNED NOT NULL,
  `talla_id` bigint(20) UNSIGNED NOT NULL,
  `articulo_id` bigint(20) UNSIGNED NOT NULL,
  `created_at` timestamp NULL DEFAULT NULL,
  `updated_at` timestamp NULL DEFAULT NULL
) ENGINE=InnoDB DEFAULT CHARSET=utf8mb4 COLLATE=utf8mb4_unicode_ci;

--
-- Dumping data for table `relaccions`
--

INSERT INTO `relaccions` (`id`, `estado`, `color_id`, `categoria_id`, `seccion_id`, `talla_id`, `articulo_id`, `created_at`, `updated_at`) VALUES
(1, '1', 9, 1, 1, 2, 1, '2022-02-07 19:13:49', '2022-02-07 19:13:49'),
(2, '1', 2, 1, 1, 1, 2, '2022-02-07 19:13:49', '2022-02-07 19:13:49'),
(3, '1', 1, 2, 1, 19, 3, '2022-02-07 19:13:49', '2022-02-07 19:13:49'),
(4, '1', 10, 3, 4, 0, 4, '2022-02-07 19:13:49', '2022-02-07 19:13:49'),
(5, '1', 10, 3, 2, 0, 5, '2022-02-07 19:13:49', '2022-02-07 19:13:49'),
(6, '1', 10, 3, 4, 0, 6, '2022-02-07 19:13:49', '2022-02-07 19:13:49'),
(7, '1', 10, 3, 2, 0, 7, '2022-02-07 19:13:49', '2022-02-07 19:13:49'),
(8, '1', 10, 3, 4, 0, 8, '2022-02-07 19:13:49', '2022-02-07 19:13:49'),
(9, '1', 10, 3, 4, 0, 9, '2022-02-07 19:13:49', '2022-02-07 19:13:49'),
(10, '1', 10, 3, 4, 0, 10, '2022-02-07 19:13:49', '2022-02-07 19:13:49'),
(11, '1', 10, 3, 4, 0, 11, '2022-02-07 19:13:49', '2022-02-07 19:13:49'),
(12, '1', 10, 3, 4, 0, 12, '2022-02-07 19:13:49', '2022-02-07 19:13:49'),
(13, '1', 10, 3, 4, 0, 13, '2022-02-07 19:13:49', '2022-02-07 19:13:49'),
(14, '1', 10, 4, 4, 0, 14, '2022-02-07 19:13:49', '2022-02-07 19:13:49'),
(15, '1', 10, 4, 2, 0, 15, '2022-02-07 19:13:49', '2022-02-07 19:13:49'),
(16, '1', 10, 4, 2, 0, 16, '2022-02-07 19:13:49', '2022-02-07 19:13:49'),
(17, '1', 10, 4, 2, 0, 17, '2022-02-07 19:13:49', '2022-02-07 19:13:49'),
(18, '1', 10, 5, 4, 0, 18, '2022-02-07 19:13:49', '2022-02-07 19:13:49'),
(19, '1', 10, 6, 4, 0, 19, '2022-02-07 19:13:49', '2022-02-07 19:13:49'),
(20, '1', 10, 7, 2, 0, 20, '2022-02-07 19:13:49', '2022-02-07 19:13:49'),
(21, '1', 10, 7, 2, 0, 21, '2022-02-07 19:13:49', '2022-02-07 19:13:49'),
(22, '1', 10, 7, 2, 0, 22, '2022-02-07 19:13:49', '2022-02-07 19:13:49'),
(23, '1', 10, 8, 2, 0, 23, '2022-02-07 19:13:49', '2022-02-07 19:13:49'),
(24, '1', 10, 9, 2, 0, 24, '2022-02-07 19:13:49', '2022-02-07 19:13:49'),
(25, '1', 10, 4, 2, 0, 25, '2022-02-07 19:13:49', '2022-02-07 19:13:49');

-- --------------------------------------------------------

--
-- Table structure for table `relaccion__imagens`
--

CREATE TABLE `relaccion__imagens` (
  `id` bigint(20) UNSIGNED NOT NULL,
  `imagen_id` bigint(20) UNSIGNED NOT NULL,
  `relaccion_id` bigint(20) UNSIGNED NOT NULL,
  `created_at` timestamp NULL DEFAULT NULL,
  `updated_at` timestamp NULL DEFAULT NULL
) ENGINE=InnoDB DEFAULT CHARSET=utf8mb4 COLLATE=utf8mb4_unicode_ci;

--
-- Dumping data for table `relaccion__imagens`
--

INSERT INTO `relaccion__imagens` (`id`, `imagen_id`, `relaccion_id`, `created_at`, `updated_at`) VALUES
(1, 1, 1, '2022-02-07 19:13:49', '2022-02-07 19:13:49'),
(2, 2, 1, '2022-02-07 19:13:49', '2022-02-07 19:13:49'),
(3, 3, 2, '2022-02-07 19:13:49', '2022-02-07 19:13:49'),
(4, 4, 2, '2022-02-07 19:13:49', '2022-02-07 19:13:49'),
(5, 5, 3, '2022-02-07 19:13:49', '2022-02-07 19:13:49'),
(6, 6, 4, '2022-02-07 19:13:49', '2022-02-07 19:13:49'),
(7, 7, 4, '2022-02-07 19:13:49', '2022-02-07 19:13:49'),
(8, 8, 4, '2022-02-07 19:13:49', '2022-02-07 19:13:49'),
(9, 9, 5, '2022-02-07 19:13:49', '2022-02-07 19:13:49'),
(10, 10, 5, '2022-02-07 19:13:49', '2022-02-07 19:13:49'),
(11, 11, 5, '2022-02-07 19:13:49', '2022-02-07 19:13:49'),
(12, 12, 6, '2022-02-07 19:13:49', '2022-02-07 19:13:49'),
(13, 13, 6, '2022-02-07 19:13:49', '2022-02-07 19:13:49'),
(14, 14, 6, '2022-02-07 19:13:49', '2022-02-07 19:13:49'),
(15, 15, 7, '2022-02-07 19:13:49', '2022-02-07 19:13:49'),
(16, 16, 7, '2022-02-07 19:13:49', '2022-02-07 19:13:49'),
(17, 17, 8, '2022-02-07 19:13:49', '2022-02-07 19:13:49'),
(18, 18, 8, '2022-02-07 19:13:49', '2022-02-07 19:13:49'),
(19, 19, 8, '2022-02-07 19:13:49', '2022-02-07 19:13:49'),
(20, 20, 9, '2022-02-07 19:13:49', '2022-02-07 19:13:49'),
(21, 21, 9, '2022-02-07 19:13:49', '2022-02-07 19:13:49'),
(22, 22, 9, '2022-02-07 19:13:49', '2022-02-07 19:13:49'),
(23, 23, 10, '2022-02-07 19:13:49', '2022-02-07 19:13:49'),
(24, 24, 10, '2022-02-07 19:13:49', '2022-02-07 19:13:49'),
(25, 25, 10, '2022-02-07 19:13:49', '2022-02-07 19:13:49'),
(26, 26, 11, '2022-02-07 19:13:49', '2022-02-07 19:13:49'),
(27, 27, 11, '2022-02-07 19:13:49', '2022-02-07 19:13:49'),
(28, 28, 12, '2022-02-07 19:13:49', '2022-02-07 19:13:49'),
(29, 29, 12, '2022-02-07 19:13:49', '2022-02-07 19:13:49'),
(30, 30, 12, '2022-02-07 19:13:49', '2022-02-07 19:13:49'),
(31, 31, 13, '2022-02-07 19:13:49', '2022-02-07 19:13:49'),
(32, 32, 13, '2022-02-07 19:13:49', '2022-02-07 19:13:49'),
(33, 33, 13, '2022-02-07 19:13:49', '2022-02-07 19:13:49'),
(34, 34, 14, '2022-02-07 19:13:49', '2022-02-07 19:13:49'),
(35, 35, 14, '2022-02-07 19:13:49', '2022-02-07 19:13:49'),
(36, 36, 14, '2022-02-07 19:13:49', '2022-02-07 19:13:49'),
(37, 37, 15, '2022-02-07 19:13:49', '2022-02-07 19:13:49'),
(38, 38, 15, '2022-02-07 19:13:49', '2022-02-07 19:13:49'),
(39, 39, 16, '2022-02-07 19:13:49', '2022-02-07 19:13:49'),
(40, 40, 16, '2022-02-07 19:13:49', '2022-02-07 19:13:49'),
(41, 41, 16, '2022-02-07 19:13:49', '2022-02-07 19:13:49'),
(42, 42, 17, '2022-02-07 19:13:49', '2022-02-07 19:13:49'),
(43, 43, 17, '2022-02-07 19:13:49', '2022-02-07 19:13:49'),
(44, 44, 17, '2022-02-07 19:13:49', '2022-02-07 19:13:49'),
(45, 45, 18, '2022-02-07 19:13:49', '2022-02-07 19:13:49'),
(46, 46, 18, '2022-02-07 19:13:49', '2022-02-07 19:13:49'),
(47, 47, 19, '2022-02-07 19:13:49', '2022-02-07 19:13:49'),
(48, 48, 19, '2022-02-07 19:13:49', '2022-02-07 19:13:49'),
(49, 49, 19, '2022-02-07 19:13:49', '2022-02-07 19:13:49'),
(50, 50, 20, '2022-02-07 19:13:49', '2022-02-07 19:13:49'),
(51, 51, 20, '2022-02-07 19:13:49', '2022-02-07 19:13:49'),
(52, 52, 21, '2022-02-07 19:13:49', '2022-02-07 19:13:49'),
(53, 53, 21, '2022-02-07 19:13:49', '2022-02-07 19:13:49'),
(54, 54, 22, '2022-02-07 19:13:49', '2022-02-07 19:13:49'),
(55, 55, 22, '2022-02-07 19:13:49', '2022-02-07 19:13:49'),
(56, 56, 23, '2022-02-07 19:13:49', '2022-02-07 19:13:49'),
(57, 57, 24, '2022-02-07 19:13:49', '2022-02-07 19:13:49'),
(58, 58, 25, '2022-02-07 19:13:49', '2022-02-07 19:13:49'),
(59, 59, 25, '2022-02-07 19:13:49', '2022-02-07 19:13:49');

-- --------------------------------------------------------

--
-- Table structure for table `roles`
--

CREATE TABLE `roles` (
  `id` bigint(20) UNSIGNED NOT NULL,
  `rol` varchar(255) COLLATE utf8mb4_unicode_ci NOT NULL,
  `slug` varchar(255) COLLATE utf8mb4_unicode_ci NOT NULL,
  `description` text COLLATE utf8mb4_unicode_ci DEFAULT NULL,
  `full-access` enum('yes','no') COLLATE utf8mb4_unicode_ci DEFAULT NULL,
  `created_at` timestamp NULL DEFAULT NULL,
  `updated_at` timestamp NULL DEFAULT NULL
) ENGINE=InnoDB DEFAULT CHARSET=utf8mb4 COLLATE=utf8mb4_unicode_ci;

--
-- Dumping data for table `roles`
--

INSERT INTO `roles` (`id`, `rol`, `slug`, `description`, `full-access`, `created_at`, `updated_at`) VALUES
(1, 'Admin', 'admin', 'Administrador', 'yes', '2022-02-07 19:08:49', '2022-02-07 19:08:49'),
(2, 'Logistica', 'logistica', 'Entregar productos', 'no', '2022-02-07 19:08:49', '2022-02-07 19:08:49'),
(3, 'Cliente', 'cliente', 'Realizar compras en linea', 'no', '2022-02-07 19:08:49', '2022-02-07 19:08:49'),
(4, 'Repartidor', 'repartidor', 'Entregar productos a domicilio', 'no', '2022-02-07 19:08:49', '2022-02-07 19:08:49');

-- --------------------------------------------------------

--
-- Table structure for table `role_user`
--

CREATE TABLE `role_user` (
  `id` bigint(20) UNSIGNED NOT NULL,
  `role_id` bigint(20) UNSIGNED NOT NULL,
  `user_id` bigint(20) UNSIGNED NOT NULL,
  `created_at` timestamp NULL DEFAULT NULL,
  `updated_at` timestamp NULL DEFAULT NULL
) ENGINE=InnoDB DEFAULT CHARSET=utf8mb4 COLLATE=utf8mb4_unicode_ci;

--
-- Dumping data for table `role_user`
--

INSERT INTO `role_user` (`id`, `role_id`, `user_id`, `created_at`, `updated_at`) VALUES
(1, 1, 1, '2022-02-07 19:08:49', '2022-02-07 19:08:49'),
(2, 3, 2, '2022-02-08 05:13:07', '2022-02-08 05:13:07'),
(3, 3, 3, '2022-02-08 20:49:01', '2022-02-08 20:49:01'),
(4, 2, 4, '2022-02-10 03:19:13', '2022-02-10 03:19:13'),
(5, 4, 5, '2022-02-10 03:20:07', '2022-02-10 03:20:07'),
(6, 4, 6, '2022-02-10 03:21:31', '2022-02-10 03:21:31');

-- --------------------------------------------------------

--
-- Table structure for table `rutas`
--

CREATE TABLE `rutas` (
  `id` bigint(20) UNSIGNED NOT NULL,
  `factura_id` bigint(20) UNSIGNED NOT NULL,
  `rutagenerado` varchar(255) COLLATE utf8mb4_unicode_ci NOT NULL,
  `rutafirmado` varchar(255) COLLATE utf8mb4_unicode_ci DEFAULT NULL,
  `estado` varchar(255) COLLATE utf8mb4_unicode_ci DEFAULT NULL,
  `rutapdf` varchar(255) COLLATE utf8mb4_unicode_ci DEFAULT NULL,
  `created_at` timestamp NULL DEFAULT NULL,
  `updated_at` timestamp NULL DEFAULT NULL
) ENGINE=InnoDB DEFAULT CHARSET=utf8mb4 COLLATE=utf8mb4_unicode_ci;

--
-- Dumping data for table `rutas`
--

INSERT INTO `rutas` (`id`, `factura_id`, `rutagenerado`, `rutafirmado`, `estado`, `rutapdf`, `created_at`, `updated_at`) VALUES
(1, 1, 'Factura/No_Firmado/0702202201110425703300110030010000003297188724415.xml', 'Factura/lib_firma_sri/comprobantes/3010202201110425703300110030010000003522651434818.xml', 'AUTORIZADO', 'Factura/lib_firma_sri/comprobantes/3010202201110425703300110030010000003522651434818.pdf', '2022-02-08 05:28:20', '2022-02-08 05:28:20'),
(2, 2, 'Factura/No_Firmado/0702202201110425703300110030010000003302678093212.xml', 'Factura/lib_firma_sri/comprobantes/3010202201110425703300110030010000003522651434818.xml', 'AUTORIZADO', 'Factura/lib_firma_sri/comprobantes/3010202201110425703300110030010000003522651434818.pdf', '2022-02-08 05:36:32', '2022-02-08 05:36:32'),
(3, 3, 'Factura/No_Firmado/0702202201110425703300110030010000003319956515018.xml', 'Factura/lib_firma_sri/comprobantes/3010202201110425703300110030010000003522651434818.xml', 'AUTORIZADO', 'Factura/lib_firma_sri/comprobantes/3010202201110425703300110030010000003522651434818.pdf', '2022-02-08 05:39:56', '2022-02-08 05:39:56'),
(4, 4, 'Factura/No_Firmado/0802202201110425703300110030010000003327139021612.xml', 'Factura/lib_firma_sri/comprobantes/3010202201110425703300110030010000003522651434818.xml', 'AUTORIZADO', 'Factura/lib_firma_sri/comprobantes/3010202201110425703300110030010000003522651434818.pdf', '2022-02-08 06:01:50', '2022-02-08 06:01:50'),
(5, 5, 'Factura/No_Firmado/0802202201110425703300110030010000003339862865711.xml', 'Factura/lib_firma_sri/comprobantes/3010202201110425703300110030010000003522651434818.xml', 'AUTORIZADO', 'Factura/lib_firma_sri/comprobantes/3010202201110425703300110030010000003522651434818.pdf', '2022-02-08 06:31:46', '2022-02-08 06:31:46'),
(6, 6, 'Factura/No_Firmado/0802202201110425703300110030010000003343951563017.xml', 'Factura/lib_firma_sri/comprobantes/3010202201110425703300110030010000003522651434818.xml', 'AUTORIZADO', 'Factura/lib_firma_sri/comprobantes/3010202201110425703300110030010000003522651434818.pdf', '2022-02-08 22:39:30', '2022-02-08 22:39:30'),
(7, 7, '\\Factura\\No_Firmado\\2410202201110425703300110030010000003355364586411.xml', 'Factura/lib_firma_sri/comprobantes/3010202201110425703300110030010000003522651434818.xml', 'AUTORIZADO', 'Factura/lib_firma_sri/comprobantes/3010202201110425703300110030010000003522651434818.pdf', '2022-10-25 01:53:41', '2022-10-25 01:53:41'),
(8, 8, '\\Factura\\No_Firmado\\2510202201110425703300110030010000003369848483817.xml', 'Factura/lib_firma_sri/comprobantes/3010202201110425703300110030010000003522651434818.xml', 'AUTORIZADO', 'Factura/lib_firma_sri/comprobantes/3010202201110425703300110030010000003522651434818.pdf', '2022-10-26 00:56:26', '2022-10-26 00:56:26'),
(9, 9, '\\Factura\\No_Firmado\\2510202201110425703300110030010000003379175766019.xml', 'Factura/lib_firma_sri/comprobantes/3010202201110425703300110030010000003522651434818.xml', 'AUTORIZADO', 'Factura/lib_firma_sri/comprobantes/3010202201110425703300110030010000003522651434818.pdf', '2022-10-26 01:17:58', '2022-10-26 01:17:58'),
(10, 10, '\\Factura\\No_Firmado\\2610202201110425703300110030010000003383361020916.xml', 'Factura/lib_firma_sri/comprobantes/3010202201110425703300110030010000003522651434818.xml', 'AUTORIZADO', 'Factura/lib_firma_sri/comprobantes/3010202201110425703300110030010000003522651434818.pdf', '2022-10-26 13:07:38', '2022-10-26 13:07:38'),
(11, 11, '\\Factura\\No_Firmado\\2610202201110425703300110030010000003393051405112.xml', 'Factura/lib_firma_sri/comprobantes/3010202201110425703300110030010000003522651434818.xml', 'AUTORIZADO', 'Factura/lib_firma_sri/comprobantes/3010202201110425703300110030010000003522651434818.pdf', '2022-10-26 13:10:30', '2022-10-26 13:10:30'),
(12, 12, '\\Factura\\No_Firmado\\2610202201110425703300110030010000003402501505715.xml', 'Factura/lib_firma_sri/comprobantes/3010202201110425703300110030010000003522651434818.xml', 'AUTORIZADO', 'Factura/lib_firma_sri/comprobantes/3010202201110425703300110030010000003522651434818.pdf', '2022-10-26 13:17:55', '2022-10-26 13:17:55'),
(13, 13, '\\Factura\\No_Firmado\\2610202201110425703300110030010000003416099279811.xml', 'Factura/lib_firma_sri/comprobantes/3010202201110425703300110030010000003522651434818.xml', 'AUTORIZADO', 'Factura/lib_firma_sri/comprobantes/3010202201110425703300110030010000003522651434818.pdf', '2022-10-27 01:09:41', '2022-10-27 01:09:41'),
(14, 14, '\\Factura\\No_Firmado\\2610202201110425703300110030010000003420009110411.xml', 'Factura/lib_firma_sri/comprobantes/3010202201110425703300110030010000003522651434818.xml', 'AUTORIZADO', 'Factura/lib_firma_sri/comprobantes/3010202201110425703300110030010000003522651434818.pdf', '2022-10-27 01:22:27', '2022-10-27 01:22:27'),
(15, 15, '\\Factura\\No_Firmado\\2610202201110425703300110030010000003439447474117.xml', 'Factura/lib_firma_sri/comprobantes/3010202201110425703300110030010000003522651434818.xml', 'AUTORIZADO', 'Factura/lib_firma_sri/comprobantes/3010202201110425703300110030010000003522651434818.pdf', '2022-10-27 03:42:44', '2022-10-27 03:42:44'),
(16, 16, '\\Factura\\No_Firmado\\2610202201110425703300110030010000003446021955610.xml', 'Factura/lib_firma_sri/comprobantes/3010202201110425703300110030010000003522651434818.xml', 'AUTORIZADO', 'Factura/lib_firma_sri/comprobantes/3010202201110425703300110030010000003522651434818.pdf', '2022-10-27 03:49:07', '2022-10-27 03:49:07'),
(17, 17, '\\Factura\\No_Firmado\\2610202201110425703300110030010000003458987320911.xml', 'Factura/lib_firma_sri/comprobantes/3010202201110425703300110030010000003522651434818.xml', 'AUTORIZADO', 'Factura/lib_firma_sri/comprobantes/3010202201110425703300110030010000003522651434818.pdf', '2022-10-27 03:51:56', '2022-10-27 03:51:56'),
(18, 18, '\\Factura\\No_Firmado\\2610202201110425703300110030010000003468071001018.xml', 'Factura/lib_firma_sri/comprobantes/3010202201110425703300110030010000003522651434818.xml', 'AUTORIZADO', 'Factura/lib_firma_sri/comprobantes/3010202201110425703300110030010000003522651434818.pdf', '2022-10-27 04:38:13', '2022-10-27 04:38:13'),
(19, 19, '\\Factura\\No_Firmado\\2610202201110425703300110030010000003476795818019.xml', 'Factura/lib_firma_sri/comprobantes/3010202201110425703300110030010000003522651434818.xml', 'AUTORIZADO', 'Factura/lib_firma_sri/comprobantes/3010202201110425703300110030010000003522651434818.pdf', '2022-10-27 04:43:31', '2022-10-27 04:43:31'),
(20, 20, '\\Factura\\No_Firmado\\2610202201110425703300110030010000003486065345617.xml', 'Factura/lib_firma_sri/comprobantes/3010202201110425703300110030010000003522651434818.xml', 'AUTORIZADO', 'Factura/lib_firma_sri/comprobantes/3010202201110425703300110030010000003522651434818.pdf', '2022-10-27 04:47:27', '2022-10-27 04:47:27'),
(21, 21, '\\Factura\\No_Firmado\\3010202201110425703300110030010000003491433499816.xml', 'Factura/lib_firma_sri/comprobantes/3010202201110425703300110030010000003522651434818.xml', 'AUTORIZADO', 'Factura/lib_firma_sri/comprobantes/3010202201110425703300110030010000003522651434818.pdf', '2022-10-30 15:03:10', '2022-10-30 15:03:10'),
(22, 22, '\\Factura\\No_Firmado\\3010202201110425703300110030010000003502366302710.xml', 'Factura/lib_firma_sri/comprobantes/3010202201110425703300110030010000003522651434818.xml', 'AUTORIZADO', 'Factura/lib_firma_sri/comprobantes/3010202201110425703300110030010000003522651434818.pdf', '2022-10-30 15:09:50', '2022-10-30 15:09:50'),
(23, 23, '\\Factura\\No_Firmado\\3010202201110425703300110030010000003514684589016.xml', 'Factura/lib_firma_sri/comprobantes/3010202201110425703300110030010000003522651434818.xml', 'AUTORIZADO', 'Factura/lib_firma_sri/comprobantes/3010202201110425703300110030010000003522651434818.pdf', '2022-10-30 15:31:57', '2022-10-30 15:31:57'),
(24, 24, '\\Factura\\No_Firmado\\3010202201110425703300110030010000003522651434818.xml', 'Factura/lib_firma_sri/comprobantes/3010202201110425703300110030010000003522651434818.xml', 'AUTORIZADO', 'Factura/lib_firma_sri/comprobantes/3010202201110425703300110030010000003522651434818.pdf', '2022-10-31 01:54:47', '2022-10-31 01:54:47'),
(25, 25, '\\Factura\\No_Firmado\\3010202201110425703300110030010000003534713893715.xml', 'Factura/lib_firma_sri/comprobantes/3010202201110425703300110030010000003522651434818.xml', 'AUTORIZADO', 'Factura/lib_firma_sri/comprobantes/3010202201110425703300110030010000003522651434818.pdf', '2022-10-31 02:20:01', '2022-10-31 02:20:01'),
(26, 27, '\\Factura\\No_Firmado\\3010202201110425703300110030010000003544810656413.xml', 'Factura/lib_firma_sri/comprobantes/3010202201110425703300110030010000003522651434818.xml', 'AUTORIZADO', 'Factura/lib_firma_sri/comprobantes/3010202201110425703300110030010000003522651434818.pdf', '2022-10-31 03:42:25', '2022-10-31 03:42:25'),
(27, 28, '\\Factura\\No_Firmado\\3010202201110425703300110030010000003559310580213.xml', 'Factura/lib_firma_sri/comprobantes/3010202201110425703300110030010000003522651434818.xml', 'AUTORIZADO', 'Factura/lib_firma_sri/comprobantes/3010202201110425703300110030010000003522651434818.pdf', '2022-10-31 03:52:52', '2022-10-31 03:52:52'),
(28, 29, '\\Factura\\No_Firmado\\3110202201110425703300110030010000003569357069010.xml', 'Factura/lib_firma_sri/comprobantes/3010202201110425703300110030010000003522651434818.xml', 'AUTORIZADO', 'Factura/lib_firma_sri/comprobantes/3010202201110425703300110030010000003522651434818.pdf', '2022-11-01 01:49:23', '2022-11-01 01:49:23'),
(29, 31, '\\Factura\\No_Firmado\\0111202201110425703300110030010000003574989487518.xml', 'Factura/lib_firma_sri/comprobantes/3010202201110425703300110030010000003522651434818.xml', 'AUTORIZADO', 'Factura/lib_firma_sri/comprobantes/3010202201110425703300110030010000003522651434818.pdf', '2022-11-01 15:38:15', '2022-11-01 15:38:15'),
(30, 33, '\\Factura\\No_Firmado\\0511202201110425703300110030010000003588450917811.xml', '', 'RECIBIDA', '', '2022-11-05 23:46:14', '2022-11-05 23:46:14'),
(31, 34, '\\Factura\\No_Firmado\\0511202201110425703300110030010000003594267955214.xml', 'Factura/lib_firma_sri/comprobantes/0511202201110425703300110030010000003594267955214.xml', 'AUTORIZADO', 'Factura/lib_firma_sri/comprobantes/0511202201110425703300110030010000003594267955214.pdf', '2022-11-06 03:41:32', '2022-11-06 03:41:32'),
(32, 35, '\\Factura\\No_Firmado\\0511202201110425703300110030010000003608276957611.xml', NULL, NULL, NULL, '2022-11-06 04:52:59', '2022-11-06 04:52:59'),
(33, 36, '\\Factura\\No_Firmado\\0611202201110425703300110030010000003612768393812.xml', 'Factura/lib_firma_sri/comprobantes/0611202201110425703300110030010000003612768393812.xml', 'AUTORIZADO', 'Factura/lib_firma_sri/comprobantes/0611202201110425703300110030010000003612768393812.pdf', '2022-11-06 15:32:52', '2022-11-06 15:32:52'),
(34, 37, '\\Factura\\No_Firmado\\0611202201110425703300110030010000003625459266312.xml', 'Factura/lib_firma_sri/comprobantes/0611202201110425703300110030010000003625459266312.xml', 'RECIBIDA', 'Factura/lib_firma_sri/comprobantes/0611202201110425703300110030010000003625459266312.pdf', '2022-11-06 15:37:51', '2022-11-06 15:37:51'),
(35, 38, '\\Factura\\No_Firmado\\0711202201110425703300110030010000003636493314217.xml', 'Factura/lib_firma_sri/comprobantes/docFirmados0811202201110425703300110030010000003661990005219.xml', 'AUTORIZADO', 'Factura/lib_firma_sri/comprobantes/docRide0811202201110425703300110030010000003661990005219.pdf', '2022-11-07 14:56:50', '2022-11-07 14:56:50'),
(36, 39, '\\Factura\\No_Firmado\\0711202201110425703300110030010000003646821241910.xml', NULL, NULL, NULL, '2022-11-08 03:15:42', '2022-11-08 03:15:42'),
(37, 40, '\\Factura\\No_Firmado\\0711202201110425703300110030010000003653527608918.xml', NULL, NULL, NULL, '2022-11-08 03:38:59', '2022-11-08 03:38:59'),
(38, 41, '\\Factura\\No_Firmado\\0811202201110425703300110030010000003661990005219.xml', 'Factura/lib_firma_sri/comprobantes/docFirmados0811202201110425703300110030010000003661990005219.xml', 'RECIBIDA', 'Factura/lib_firma_sri/comprobantes/docRide0811202201110425703300110030010000003661990005219.pdf', '2022-11-08 19:24:41', '2022-11-08 19:24:41'),
(39, 42, '\\Factura\\No_Firmado\\0811202201110425703300110030010000003679041250810.xml', NULL, NULL, NULL, '2022-11-08 23:42:52', '2022-11-08 23:42:52'),
(40, 43, '\\Factura\\No_Firmado\\0911202201110425703300110030010000003686409349716.xml', NULL, NULL, NULL, '2022-11-09 20:52:08', '2022-11-09 20:52:08'),
(41, 44, '\\Factura\\No_Firmado\\0911202201110425703300110030010000003695610627911.xml', NULL, NULL, NULL, '2022-11-09 21:01:09', '2022-11-09 21:01:09'),
(42, 45, '\\Factura\\No_Firmado\\1111202201110425703300110030010000003707824236018.xml', 'Factura/lib_firma_sri/comprobantes/1111202201110425703300110030010000003707824236018.xml', 'AUTORIZADO', 'Factura/lib_firma_sri/comprobantes/1111202201110425703300110030010000003707824236018.pdf', '2022-11-12 03:26:47', '2022-11-12 03:26:47'),
(43, 46, '\\Factura\\No_Firmado\\1111202201110425703300110030010000003715034169216.xml', NULL, NULL, NULL, '2022-11-12 04:09:51', '2022-11-12 04:09:51');

-- --------------------------------------------------------

--
-- Table structure for table `seccions`
--

CREATE TABLE `seccions` (
  `id` bigint(20) UNSIGNED NOT NULL,
  `descripcion` varchar(20) COLLATE utf8mb4_unicode_ci NOT NULL,
  `estado` varchar(1) COLLATE utf8mb4_unicode_ci NOT NULL,
  `created_at` timestamp NULL DEFAULT NULL,
  `updated_at` timestamp NULL DEFAULT NULL
) ENGINE=InnoDB DEFAULT CHARSET=utf8mb4 COLLATE=utf8mb4_unicode_ci;

--
-- Dumping data for table `seccions`
--

INSERT INTO `seccions` (`id`, `descripcion`, `estado`, `created_at`, `updated_at`) VALUES
(1, 'Hombre', '1', '2022-02-07 19:08:49', '2022-02-07 19:08:49'),
(2, 'Mujer', '1', '2022-02-07 19:08:49', '2022-02-07 19:08:49'),
(3, 'Ñiños', '1', '2022-02-07 19:08:49', '2022-02-07 19:08:49'),
(4, 'Todo', '1', '2022-02-07 19:08:49', '2022-02-07 19:08:49');

-- --------------------------------------------------------

--
-- Table structure for table `sri`
--

CREATE TABLE `sri` (
  `id_factura` varchar(100) COLLATE utf8_spanish_ci NOT NULL,
  `id_error` varchar(100) COLLATE utf8_spanish_ci NOT NULL,
  `mensaje` varchar(100) COLLATE utf8_spanish_ci NOT NULL,
  `informacionAdicional` varchar(100) COLLATE utf8_spanish_ci NOT NULL,
  `tipo` varchar(100) COLLATE utf8_spanish_ci NOT NULL,
  `claveAcceso` varchar(100) COLLATE utf8_spanish_ci NOT NULL,
  `estado` varchar(100) COLLATE utf8_spanish_ci NOT NULL
) ENGINE=InnoDB DEFAULT CHARSET=utf8 COLLATE=utf8_spanish_ci;

--
-- Dumping data for table `sri`
--

INSERT INTO `sri` (`id_factura`, `id_error`, `mensaje`, `informacionAdicional`, `tipo`, `claveAcceso`, `estado`) VALUES
('27', '0', 'Comprobante Recibido', 'Pendiente de autorizacion', 'MENSAJE', '3010202201110425703300110030010000003544810656413', 'RECIBIDA'),
('32', '0', 'Comprobante Recibido', 'Pendiente de autorizacion', 'MENSAJE', '0111202201110425703300110030010000003574989487518', 'RECIBIDA'),
('32', '0', 'Comprobante Recibido', 'Pendiente de autorizacion', 'MENSAJE', '0111202201110425703300110030010000003574989487518', 'RECIBIDA'),
('32', '0', 'Comprobante Recibido', 'Pendiente de autorizacion', 'MENSAJE', '0111202201110425703300110030010000003574989487518', 'RECIBIDA'),
('32', '90', 'LIMITE DE INTENTOS NO AUTORIZADOS POR DIA', 'La clave de acceso 0111202201110425703300110030010000003574989487518 ha superado el limite diario pe', 'ERROR', '0111202201110425703300110030010000003574989487518', 'DEVUELTA'),
('33', '0', 'Comprobante Recibido', 'Pendiente de autorizacion', 'MENSAJE', '0511202201110425703300110030010000003588450917811', 'RECIBIDA'),
('33', '39', 'FIRMA INVALIDA', 'La firma es invalida [Firma inválida (firma y/o certificados alterados)]', 'ERROR', '0511202201110425703300110030010000003588450917811', 'NO AUTORIZADO'),
('34', '0', 'Comprobante Recibido', 'Pendiente de autorizacion', 'MENSAJE', '0511202201110425703300110030010000003594267955214', 'RECIBIDA'),
('36', '0', 'Comprobante Recibido', 'Pendiente de autorizacion', 'MENSAJE', '0611202201110425703300110030010000003612768393812', 'RECIBIDA'),
('37', '0', 'Comprobante Recibido', 'Pendiente de autorizacion', 'MENSAJE', '0611202201110425703300110030010000003625459266312', 'RECIBIDA'),
('33', '0', 'Comprobante Recibido', 'Pendiente de autorizacion', 'MENSAJE', '0711202201110425703300110030010000003636493314217', 'RECIBIDA'),
('38', '35', 'ARCHIVO NO CUMPLE ESTRUCTURA XML', 'ec.gob.sri.comprobantes.electronicos.api.excepcion.ConversionArchivoXMLException: Error al convertir', 'ERROR', '0711202201110425703300110030010000003646821241910', 'DEVUELTA'),
('38', '0', 'Comprobante Recibido', 'Pendiente de autorizacion', 'MENSAJE', '0711202201110425703300110030010000003646821241910', 'RECIBIDA'),
('37', '43', 'CLAVE ACCESO REGISTRADA', '', 'ERROR', '0711202201110425703300110030010000003653527608918', 'DEVUELTA'),
('37', '43', 'CLAVE ACCESO REGISTRADA', '', 'ERROR', '0711202201110425703300110030010000003653527608918', 'DEVUELTA'),
('37', '43', 'CLAVE ACCESO REGISTRADA', '', 'ERROR', '0711202201110425703300110030010000003653527608918', 'DEVUELTA'),
('37', '43', 'CLAVE ACCESO REGISTRADA', '', 'ERROR', '0711202201110425703300110030010000003653527608918', 'DEVUELTA'),
('37', '43', 'CLAVE ACCESO REGISTRADA', '', 'ERROR', '0711202201110425703300110030010000003653527608918', 'DEVUELTA'),
('41', '43', 'CLAVE ACCESO REGISTRADA', '', 'ERROR', '0811202201110425703300110030010000003661990005219', 'DEVUELTA'),
('41', '43', 'CLAVE ACCESO REGISTRADA', '', 'ERROR', '0811202201110425703300110030010000003679041250810', 'DEVUELTA'),
('45', '80', 'ERROR EN LA ESTRUCTURA DE LA CLAVE DE ACCESO', '', '', '', 'RECHAZADA'),
('41', '0', 'Comprobante Recibido', 'Pendiente de autorizacion', 'MENSAJE', '0911202201110425703300110030010000003686409349716', 'RECIBIDA'),
('41', '43', 'CLAVE ACCESO REGISTRADA', '', 'ERROR', '0911202201110425703300110030010000003695610627911', 'DEVUELTA'),
('41', '0', 'Comprobante Recibido', 'Pendiente de autorizacion', 'MENSAJE', '1111202201110425703300110030010000003707824236018', 'RECIBIDA');

-- --------------------------------------------------------

--
-- Table structure for table `tallas`
--

CREATE TABLE `tallas` (
  `id` bigint(20) UNSIGNED NOT NULL,
  `talla` varchar(20) COLLATE utf8mb4_unicode_ci NOT NULL,
  `estado` varchar(1) COLLATE utf8mb4_unicode_ci NOT NULL,
  `seccion_id` bigint(20) UNSIGNED NOT NULL,
  `categoria_id` bigint(20) UNSIGNED NOT NULL,
  `created_at` timestamp NULL DEFAULT NULL,
  `updated_at` timestamp NULL DEFAULT NULL
) ENGINE=InnoDB DEFAULT CHARSET=utf8mb4 COLLATE=utf8mb4_unicode_ci;

--
-- Dumping data for table `tallas`
--

INSERT INTO `tallas` (`id`, `talla`, `estado`, `seccion_id`, `categoria_id`, `created_at`, `updated_at`) VALUES
(0, '0', '2', 4, 3, '2022-02-07 19:08:49', '2022-02-07 19:08:49'),
(1, 'Pequeña', '1', 1, 1, '2022-02-07 19:08:49', '2022-02-07 19:08:49'),
(2, 'Mediana', '1', 1, 1, '2022-02-07 19:08:49', '2022-02-07 19:08:49'),
(3, 'Grande', '1', 1, 1, '2022-02-07 19:08:49', '2022-02-07 19:08:49'),
(4, 'Extra Grande', '1', 1, 1, '2022-02-07 19:08:49', '2022-02-07 19:08:49'),
(5, 'Pequeña', '1', 2, 1, '2022-02-07 19:08:49', '2022-02-07 19:08:49'),
(6, 'Mediana', '1', 2, 1, '2022-02-07 19:08:49', '2022-02-07 19:08:49'),
(7, 'Grande', '1', 2, 1, '2022-02-07 19:08:49', '2022-02-07 19:08:49'),
(8, 'Extra Grande', '1', 2, 1, '2022-02-07 19:08:49', '2022-02-07 19:08:49'),
(9, '2', '1', 3, 1, '2022-02-07 19:08:49', '2022-02-07 19:08:49'),
(10, '3', '1', 3, 1, '2022-02-07 19:08:49', '2022-02-07 19:08:49'),
(11, '4', '1', 3, 1, '2022-02-07 19:08:49', '2022-02-07 19:08:49'),
(12, '5', '1', 3, 1, '2022-02-07 19:08:49', '2022-02-07 19:08:49'),
(13, '6', '1', 3, 1, '2022-02-07 19:08:49', '2022-02-07 19:08:49'),
(14, '7', '1', 3, 1, '2022-02-07 19:08:49', '2022-02-07 19:08:49'),
(15, '36', '1', 1, 2, '2022-02-07 19:08:49', '2022-02-07 19:08:49'),
(16, '37', '1', 1, 2, '2022-02-07 19:08:49', '2022-02-07 19:08:49'),
(17, '38', '1', 1, 2, '2022-02-07 19:08:49', '2022-02-07 19:08:49'),
(18, '39', '1', 1, 2, '2022-02-07 19:08:49', '2022-02-07 19:08:49'),
(19, '40', '1', 1, 2, '2022-02-07 19:08:49', '2022-02-07 19:08:49'),
(20, '41', '1', 1, 2, '2022-02-07 19:08:49', '2022-02-07 19:08:49'),
(21, '42', '1', 1, 2, '2022-02-07 19:08:49', '2022-02-07 19:08:49'),
(22, '43', '1', 1, 2, '2022-02-07 19:08:49', '2022-02-07 19:08:49'),
(23, '44', '1', 1, 2, '2022-02-07 19:08:49', '2022-02-07 19:08:49'),
(24, '33', '1', 2, 2, '2022-02-07 19:08:49', '2022-02-07 19:08:49'),
(25, '34', '1', 2, 2, '2022-02-07 19:08:49', '2022-02-07 19:08:49'),
(26, '35', '1', 2, 2, '2022-02-07 19:08:49', '2022-02-07 19:08:49'),
(27, '36', '1', 2, 2, '2022-02-07 19:08:49', '2022-02-07 19:08:49'),
(28, '37', '1', 2, 2, '2022-02-07 19:08:49', '2022-02-07 19:08:49'),
(29, '38', '1', 2, 2, '2022-02-07 19:08:49', '2022-02-07 19:08:49'),
(30, '39', '1', 2, 2, '2022-02-07 19:08:49', '2022-02-07 19:08:49'),
(31, '27', '1', 3, 2, '2022-02-07 19:08:49', '2022-02-07 19:08:49'),
(32, '28', '1', 3, 2, '2022-02-07 19:08:49', '2022-02-07 19:08:49'),
(33, '29', '1', 3, 2, '2022-02-07 19:08:49', '2022-02-07 19:08:49'),
(34, '30', '1', 3, 2, '2022-02-07 19:08:49', '2022-02-07 19:08:49'),
(35, '31', '1', 3, 2, '2022-02-07 19:08:49', '2022-02-07 19:08:49'),
(36, '32', '1', 3, 2, '2022-02-07 19:08:49', '2022-02-07 19:08:49');

-- --------------------------------------------------------

--
-- Table structure for table `users`
--

CREATE TABLE `users` (
  `id` bigint(20) UNSIGNED NOT NULL,
  `name` varchar(18) COLLATE utf8mb4_unicode_ci NOT NULL,
  `surname` varchar(18) COLLATE utf8mb4_unicode_ci DEFAULT NULL,
  `idcard` varchar(10) COLLATE utf8mb4_unicode_ci NOT NULL,
  `phone` varchar(10) COLLATE utf8mb4_unicode_ci DEFAULT NULL,
  `city` varchar(50) COLLATE utf8mb4_unicode_ci DEFAULT NULL,
  `avatar` varchar(255) COLLATE utf8mb4_unicode_ci DEFAULT NULL,
  `email` varchar(255) COLLATE utf8mb4_unicode_ci NOT NULL,
  `state` varchar(255) COLLATE utf8mb4_unicode_ci NOT NULL,
  `email_verified_at` timestamp NULL DEFAULT NULL,
  `password` varchar(255) COLLATE utf8mb4_unicode_ci DEFAULT NULL,
  `remember_token` varchar(100) COLLATE utf8mb4_unicode_ci DEFAULT NULL,
  `created_at` timestamp NULL DEFAULT NULL,
  `updated_at` timestamp NULL DEFAULT NULL
) ENGINE=InnoDB DEFAULT CHARSET=utf8mb4 COLLATE=utf8mb4_unicode_ci;

--
-- Dumping data for table `users`
--

INSERT INTO `users` (`id`, `name`, `surname`, `idcard`, `phone`, `city`, `avatar`, `email`, `state`, `email_verified_at`, `password`, `remember_token`, `created_at`, `updated_at`) VALUES
(1, 'Admin', 'Admin', '1717822080', '0984243670', 'Quito', '/images/perfil/5BljugKKlWJm.jpg', 'administrador@storevalentina.com', '1', '2022-02-08 05:56:56', '$2y$10$cjbGcVFXvoxOiDwi0c.eyONfiYX9Z8Eob7pjKqSMP2TaDjTnoE4Wa', NULL, '2022-02-07 19:08:49', '2022-02-08 06:45:27'),
(2, 'Juan', 'Catagña', '1717822082', '0984243670', 'Sucre O2e-232', '\\images\\perfil\\2rgAfYw0MQz9.png', 'bacoth@gmail.com', '1', '2022-02-08 05:16:37', '$2y$10$3j7rrcdDmGgKgyKsSs0ySO9IUaVpRHxEv7p.zIIVOVZBx5L.5qxBi', NULL, '2022-02-08 05:13:07', '2022-10-25 01:44:37'),
(3, 'María Mercedes', 'Chiquito', '1313929828', '0961328741', 'Jipijapa', '/images/perfil/TT7PBppCRwoF.jpg', 'mariamercedeschiquito23@gmail.com', '1', '2022-02-08 20:49:14', '$2y$10$Lxx57GrDA00vZiA0In0xBOHR4EfzmjHeR85uwY8rob8hCQkIswR3S', 'VXlbY2J0iLbzWzfk02wj9e0TZTIYDJWGPh1AjeC8W08ciwWxoLoDaDbwNgfk', '2022-02-08 20:49:01', '2022-02-08 22:30:59'),
(4, 'Logística', 'Logística', '1303753618', '0984243670', 'Quito', '\\images\\perfil\\2.jpg', 'logistica@storevalentina.com', '1', NULL, '$2y$10$xOUdrBLWJtxAToSkiJY9COHBW9aoCMvZoE8NjVY981Vw9Xg2tdAtm', NULL, '2022-02-10 03:19:13', '2022-02-10 03:19:13'),
(5, 'repartidor', 'repartidor', '1706172648', '0984243670', 'Quito', '\\images\\perfil\\2.jpg', 'repartidor@storevalentina.com', '1', NULL, '$2y$10$YAHiBW0vHFMiQInP6NkKYuJedS18rsoA1z0YerWgVmlWNGLyFf.Ci', NULL, '2022-02-10 03:20:07', '2022-02-10 03:20:07'),
(6, 'Repartidor1', 'Repartidor1', '0100967652', '0984243670', 'Quito', '\\images\\perfil\\2.jpg', 'repartidor1@storevalentina.com', '1', NULL, '$2y$10$I1Q5YtfBF4QeeTan60mf1epu8sehm4Pp1I4SJDqFs/0DT69QgovL.', NULL, '2022-02-10 03:21:31', '2022-02-10 03:21:31');

-- --------------------------------------------------------

--
-- Table structure for table `validar_pagos`
--

CREATE TABLE `validar_pagos` (
  `id` bigint(20) UNSIGNED NOT NULL,
  `factura_id` bigint(20) UNSIGNED NOT NULL,
  `fecha_pago` datetime DEFAULT NULL,
  `estado` int(11) NOT NULL,
  `voucher` varchar(255) COLLATE utf8mb4_unicode_ci DEFAULT NULL,
  `created_at` timestamp NULL DEFAULT NULL,
  `updated_at` timestamp NULL DEFAULT NULL
) ENGINE=InnoDB DEFAULT CHARSET=utf8mb4 COLLATE=utf8mb4_unicode_ci;

--
-- Dumping data for table `validar_pagos`
--

INSERT INTO `validar_pagos` (`id`, `factura_id`, `fecha_pago`, `estado`, `voucher`, `created_at`, `updated_at`) VALUES
(1, 5, '2022-02-08 00:00:00', 1, '/images/voucher/REKzQWPN8pPI.jpg', '2022-02-08 06:21:32', '2022-02-08 06:31:46');

--
-- Indexes for dumped tables
--

--
-- Indexes for table `articulos`
--
ALTER TABLE `articulos`
  ADD PRIMARY KEY (`id`);

--
-- Indexes for table `cantones`
--
ALTER TABLE `cantones`
  ADD PRIMARY KEY (`id`);

--
-- Indexes for table `categorias`
--
ALTER TABLE `categorias`
  ADD PRIMARY KEY (`id`);

--
-- Indexes for table `colors`
--
ALTER TABLE `colors`
  ADD PRIMARY KEY (`id`);

--
-- Indexes for table `comprobantes`
--
ALTER TABLE `comprobantes`
  ADD PRIMARY KEY (`id`),
  ADD KEY `comprobantes_empresa_id_foreign` (`empresa_id`);

--
-- Indexes for table `datos_facturacion_electronicas`
--
ALTER TABLE `datos_facturacion_electronicas`
  ADD PRIMARY KEY (`id`),
  ADD KEY `datos_facturacion_electronicas_empresa_id_foreign` (`empresa_id`);

--
-- Indexes for table `detalle_envios`
--
ALTER TABLE `detalle_envios`
  ADD PRIMARY KEY (`id`),
  ADD KEY `detalle_envios_envio_id_foreign` (`envio_id`),
  ADD KEY `detalle_envios_user_id_foreign` (`user_id`);

--
-- Indexes for table `detalle_facturas`
--
ALTER TABLE `detalle_facturas`
  ADD PRIMARY KEY (`id`),
  ADD KEY `detalle_facturas_producto_id_foreign` (`producto_id`),
  ADD KEY `detalle_facturas_factura_id_foreign` (`factura_id`);

--
-- Indexes for table `documentos_facturacion_electronicas`
--
ALTER TABLE `documentos_facturacion_electronicas`
  ADD PRIMARY KEY (`id`),
  ADD KEY `documentos_facturacion_electronicas_empresa_id_foreign` (`empresa_id`);

--
-- Indexes for table `empresas`
--
ALTER TABLE `empresas`
  ADD PRIMARY KEY (`id`);

--
-- Indexes for table `envios`
--
ALTER TABLE `envios`
  ADD PRIMARY KEY (`id`),
  ADD KEY `envios_factura_id_foreign` (`factura_id`);

--
-- Indexes for table `estado_compras`
--
ALTER TABLE `estado_compras`
  ADD PRIMARY KEY (`id`);

--
-- Indexes for table `facturas`
--
ALTER TABLE `facturas`
  ADD PRIMARY KEY (`id`),
  ADD KEY `facturas_user_id_foreign` (`user_id`),
  ADD KEY `facturas_comprobante_id_foreign` (`comprobante_id`),
  ADD KEY `facturas_modalidad_pago_id_foreign` (`modalidad_pago_id`),
  ADD KEY `facturas_metodo_envio_id_foreign` (`metodo_envio_id`),
  ADD KEY `facturas_estado_compra_id_foreign` (`estado_compra_id`);

--
-- Indexes for table `failed_jobs`
--
ALTER TABLE `failed_jobs`
  ADD PRIMARY KEY (`id`),
  ADD UNIQUE KEY `failed_jobs_uuid_unique` (`uuid`);

--
-- Indexes for table `imagens`
--
ALTER TABLE `imagens`
  ADD PRIMARY KEY (`id`);

--
-- Indexes for table `info_facturas`
--
ALTER TABLE `info_facturas`
  ADD PRIMARY KEY (`id`),
  ADD KEY `info_facturas_factura_id_foreign` (`factura_id`);

--
-- Indexes for table `metodo_envios`
--
ALTER TABLE `metodo_envios`
  ADD PRIMARY KEY (`id`);

--
-- Indexes for table `migrations`
--
ALTER TABLE `migrations`
  ADD PRIMARY KEY (`id`);

--
-- Indexes for table `modalidad_pagos`
--
ALTER TABLE `modalidad_pagos`
  ADD PRIMARY KEY (`id`);

--
-- Indexes for table `numeradores`
--
ALTER TABLE `numeradores`
  ADD PRIMARY KEY (`id`),
  ADD KEY `numeradores_empresa_id_foreign` (`empresa_id`),
  ADD KEY `numeradores_comprobante_id_foreign` (`comprobante_id`);

--
-- Indexes for table `ofertas`
--
ALTER TABLE `ofertas`
  ADD PRIMARY KEY (`id`),
  ADD KEY `ofertas_producto_id_foreign` (`producto_id`);

--
-- Indexes for table `origens`
--
ALTER TABLE `origens`
  ADD PRIMARY KEY (`id`);

--
-- Indexes for table `parroquias`
--
ALTER TABLE `parroquias`
  ADD PRIMARY KEY (`id`);

--
-- Indexes for table `password_resets`
--
ALTER TABLE `password_resets`
  ADD KEY `password_resets_email_index` (`email`);

--
-- Indexes for table `permissions`
--
ALTER TABLE `permissions`
  ADD PRIMARY KEY (`id`),
  ADD UNIQUE KEY `permissions_permission_unique` (`permission`),
  ADD UNIQUE KEY `permissions_slug_unique` (`slug`);

--
-- Indexes for table `permission_role`
--
ALTER TABLE `permission_role`
  ADD PRIMARY KEY (`id`),
  ADD KEY `permission_role_role_id_foreign` (`role_id`),
  ADD KEY `permission_role_permission_id_foreign` (`permission_id`);

--
-- Indexes for table `productos`
--
ALTER TABLE `productos`
  ADD PRIMARY KEY (`id`),
  ADD KEY `productos_relaccion_id_foreign` (`relaccion_id`),
  ADD KEY `productos_origen_id_foreign` (`origen_id`);

--
-- Indexes for table `provincias`
--
ALTER TABLE `provincias`
  ADD PRIMARY KEY (`id`);

--
-- Indexes for table `publicados`
--
ALTER TABLE `publicados`
  ADD PRIMARY KEY (`id`),
  ADD KEY `publicados_producto_id_foreign` (`producto_id`);

--
-- Indexes for table `relaccions`
--
ALTER TABLE `relaccions`
  ADD PRIMARY KEY (`id`),
  ADD KEY `relaccions_color_id_foreign` (`color_id`),
  ADD KEY `relaccions_categoria_id_foreign` (`categoria_id`),
  ADD KEY `relaccions_seccion_id_foreign` (`seccion_id`),
  ADD KEY `relaccions_talla_id_foreign` (`talla_id`),
  ADD KEY `relaccions_articulo_id_foreign` (`articulo_id`);

--
-- Indexes for table `relaccion__imagens`
--
ALTER TABLE `relaccion__imagens`
  ADD PRIMARY KEY (`id`),
  ADD KEY `relaccion__imagens_imagen_id_foreign` (`imagen_id`),
  ADD KEY `relaccion__imagens_relaccion_id_foreign` (`relaccion_id`);

--
-- Indexes for table `roles`
--
ALTER TABLE `roles`
  ADD PRIMARY KEY (`id`),
  ADD UNIQUE KEY `roles_rol_unique` (`rol`),
  ADD UNIQUE KEY `roles_slug_unique` (`slug`);

--
-- Indexes for table `role_user`
--
ALTER TABLE `role_user`
  ADD PRIMARY KEY (`id`),
  ADD KEY `role_user_role_id_foreign` (`role_id`),
  ADD KEY `role_user_user_id_foreign` (`user_id`);

--
-- Indexes for table `rutas`
--
ALTER TABLE `rutas`
  ADD PRIMARY KEY (`id`),
  ADD KEY `rutas_factura_id_foreign` (`factura_id`);

--
-- Indexes for table `seccions`
--
ALTER TABLE `seccions`
  ADD PRIMARY KEY (`id`);

--
-- Indexes for table `tallas`
--
ALTER TABLE `tallas`
  ADD PRIMARY KEY (`id`),
  ADD KEY `tallas_seccion_id_foreign` (`seccion_id`),
  ADD KEY `tallas_categoria_id_foreign` (`categoria_id`);

--
-- Indexes for table `users`
--
ALTER TABLE `users`
  ADD PRIMARY KEY (`id`),
  ADD UNIQUE KEY `users_idcard_unique` (`idcard`),
  ADD UNIQUE KEY `users_email_unique` (`email`);

--
-- Indexes for table `validar_pagos`
--
ALTER TABLE `validar_pagos`
  ADD PRIMARY KEY (`id`),
  ADD KEY `validar_pagos_factura_id_foreign` (`factura_id`);

--
-- AUTO_INCREMENT for dumped tables
--

--
-- AUTO_INCREMENT for table `articulos`
--
ALTER TABLE `articulos`
  MODIFY `id` bigint(20) UNSIGNED NOT NULL AUTO_INCREMENT, AUTO_INCREMENT=26;

--
-- AUTO_INCREMENT for table `cantones`
--
ALTER TABLE `cantones`
  MODIFY `id` bigint(20) UNSIGNED NOT NULL AUTO_INCREMENT, AUTO_INCREMENT=224;

--
-- AUTO_INCREMENT for table `categorias`
--
ALTER TABLE `categorias`
  MODIFY `id` bigint(20) UNSIGNED NOT NULL AUTO_INCREMENT, AUTO_INCREMENT=10;

--
-- AUTO_INCREMENT for table `colors`
--
ALTER TABLE `colors`
  MODIFY `id` bigint(20) UNSIGNED NOT NULL AUTO_INCREMENT, AUTO_INCREMENT=11;

--
-- AUTO_INCREMENT for table `comprobantes`
--
ALTER TABLE `comprobantes`
  MODIFY `id` bigint(20) UNSIGNED NOT NULL AUTO_INCREMENT, AUTO_INCREMENT=2;

--
-- AUTO_INCREMENT for table `datos_facturacion_electronicas`
--
ALTER TABLE `datos_facturacion_electronicas`
  MODIFY `id` bigint(20) UNSIGNED NOT NULL AUTO_INCREMENT, AUTO_INCREMENT=3;

--
-- AUTO_INCREMENT for table `detalle_envios`
--
ALTER TABLE `detalle_envios`
  MODIFY `id` bigint(20) UNSIGNED NOT NULL AUTO_INCREMENT;

--
-- AUTO_INCREMENT for table `detalle_facturas`
--
ALTER TABLE `detalle_facturas`
  MODIFY `id` bigint(20) UNSIGNED NOT NULL AUTO_INCREMENT, AUTO_INCREMENT=50;

--
-- AUTO_INCREMENT for table `documentos_facturacion_electronicas`
--
ALTER TABLE `documentos_facturacion_electronicas`
  MODIFY `id` bigint(20) UNSIGNED NOT NULL AUTO_INCREMENT;

--
-- AUTO_INCREMENT for table `empresas`
--
ALTER TABLE `empresas`
  MODIFY `id` bigint(20) UNSIGNED NOT NULL AUTO_INCREMENT, AUTO_INCREMENT=2;

--
-- AUTO_INCREMENT for table `envios`
--
ALTER TABLE `envios`
  MODIFY `id` bigint(20) UNSIGNED NOT NULL AUTO_INCREMENT, AUTO_INCREMENT=47;

--
-- AUTO_INCREMENT for table `estado_compras`
--
ALTER TABLE `estado_compras`
  MODIFY `id` bigint(20) UNSIGNED NOT NULL AUTO_INCREMENT, AUTO_INCREMENT=3;

--
-- AUTO_INCREMENT for table `facturas`
--
ALTER TABLE `facturas`
  MODIFY `id` bigint(20) UNSIGNED NOT NULL AUTO_INCREMENT, AUTO_INCREMENT=47;

--
-- AUTO_INCREMENT for table `failed_jobs`
--
ALTER TABLE `failed_jobs`
  MODIFY `id` bigint(20) UNSIGNED NOT NULL AUTO_INCREMENT;

--
-- AUTO_INCREMENT for table `imagens`
--
ALTER TABLE `imagens`
  MODIFY `id` bigint(20) UNSIGNED NOT NULL AUTO_INCREMENT, AUTO_INCREMENT=60;

--
-- AUTO_INCREMENT for table `info_facturas`
--
ALTER TABLE `info_facturas`
  MODIFY `id` bigint(20) UNSIGNED NOT NULL AUTO_INCREMENT, AUTO_INCREMENT=47;

--
-- AUTO_INCREMENT for table `metodo_envios`
--
ALTER TABLE `metodo_envios`
  MODIFY `id` bigint(20) UNSIGNED NOT NULL AUTO_INCREMENT, AUTO_INCREMENT=3;

--
-- AUTO_INCREMENT for table `migrations`
--
ALTER TABLE `migrations`
  MODIFY `id` int(10) UNSIGNED NOT NULL AUTO_INCREMENT, AUTO_INCREMENT=38;

--
-- AUTO_INCREMENT for table `modalidad_pagos`
--
ALTER TABLE `modalidad_pagos`
  MODIFY `id` bigint(20) UNSIGNED NOT NULL AUTO_INCREMENT, AUTO_INCREMENT=3;

--
-- AUTO_INCREMENT for table `numeradores`
--
ALTER TABLE `numeradores`
  MODIFY `id` bigint(20) UNSIGNED NOT NULL AUTO_INCREMENT, AUTO_INCREMENT=2;

--
-- AUTO_INCREMENT for table `ofertas`
--
ALTER TABLE `ofertas`
  MODIFY `id` bigint(20) UNSIGNED NOT NULL AUTO_INCREMENT, AUTO_INCREMENT=6;

--
-- AUTO_INCREMENT for table `origens`
--
ALTER TABLE `origens`
  MODIFY `id` bigint(20) UNSIGNED NOT NULL AUTO_INCREMENT, AUTO_INCREMENT=5;

--
-- AUTO_INCREMENT for table `parroquias`
--
ALTER TABLE `parroquias`
  MODIFY `id` bigint(20) UNSIGNED NOT NULL AUTO_INCREMENT, AUTO_INCREMENT=1343;

--
-- AUTO_INCREMENT for table `permissions`
--
ALTER TABLE `permissions`
  MODIFY `id` bigint(20) UNSIGNED NOT NULL AUTO_INCREMENT, AUTO_INCREMENT=10;

--
-- AUTO_INCREMENT for table `permission_role`
--
ALTER TABLE `permission_role`
  MODIFY `id` bigint(20) UNSIGNED NOT NULL AUTO_INCREMENT;

--
-- AUTO_INCREMENT for table `productos`
--
ALTER TABLE `productos`
  MODIFY `id` bigint(20) UNSIGNED NOT NULL AUTO_INCREMENT, AUTO_INCREMENT=26;

--
-- AUTO_INCREMENT for table `provincias`
--
ALTER TABLE `provincias`
  MODIFY `id` bigint(20) UNSIGNED NOT NULL AUTO_INCREMENT, AUTO_INCREMENT=23;

--
-- AUTO_INCREMENT for table `publicados`
--
ALTER TABLE `publicados`
  MODIFY `id` bigint(20) UNSIGNED NOT NULL AUTO_INCREMENT, AUTO_INCREMENT=11;

--
-- AUTO_INCREMENT for table `relaccions`
--
ALTER TABLE `relaccions`
  MODIFY `id` bigint(20) UNSIGNED NOT NULL AUTO_INCREMENT, AUTO_INCREMENT=26;

--
-- AUTO_INCREMENT for table `relaccion__imagens`
--
ALTER TABLE `relaccion__imagens`
  MODIFY `id` bigint(20) UNSIGNED NOT NULL AUTO_INCREMENT, AUTO_INCREMENT=60;

--
-- AUTO_INCREMENT for table `roles`
--
ALTER TABLE `roles`
  MODIFY `id` bigint(20) UNSIGNED NOT NULL AUTO_INCREMENT, AUTO_INCREMENT=5;

--
-- AUTO_INCREMENT for table `role_user`
--
ALTER TABLE `role_user`
  MODIFY `id` bigint(20) UNSIGNED NOT NULL AUTO_INCREMENT, AUTO_INCREMENT=7;

--
-- AUTO_INCREMENT for table `rutas`
--
ALTER TABLE `rutas`
  MODIFY `id` bigint(20) UNSIGNED NOT NULL AUTO_INCREMENT, AUTO_INCREMENT=44;

--
-- AUTO_INCREMENT for table `seccions`
--
ALTER TABLE `seccions`
  MODIFY `id` bigint(20) UNSIGNED NOT NULL AUTO_INCREMENT, AUTO_INCREMENT=5;

--
-- AUTO_INCREMENT for table `tallas`
--
ALTER TABLE `tallas`
  MODIFY `id` bigint(20) UNSIGNED NOT NULL AUTO_INCREMENT, AUTO_INCREMENT=38;

--
-- AUTO_INCREMENT for table `users`
--
ALTER TABLE `users`
  MODIFY `id` bigint(20) UNSIGNED NOT NULL AUTO_INCREMENT, AUTO_INCREMENT=7;

--
-- AUTO_INCREMENT for table `validar_pagos`
--
ALTER TABLE `validar_pagos`
  MODIFY `id` bigint(20) UNSIGNED NOT NULL AUTO_INCREMENT, AUTO_INCREMENT=2;

--
-- Constraints for dumped tables
--

--
-- Constraints for table `comprobantes`
--
ALTER TABLE `comprobantes`
  ADD CONSTRAINT `comprobantes_empresa_id_foreign` FOREIGN KEY (`empresa_id`) REFERENCES `empresas` (`id`) ON DELETE CASCADE;

--
-- Constraints for table `datos_facturacion_electronicas`
--
ALTER TABLE `datos_facturacion_electronicas`
  ADD CONSTRAINT `datos_facturacion_electronicas_empresa_id_foreign` FOREIGN KEY (`empresa_id`) REFERENCES `empresas` (`id`) ON DELETE CASCADE;

--
-- Constraints for table `detalle_envios`
--
ALTER TABLE `detalle_envios`
  ADD CONSTRAINT `detalle_envios_envio_id_foreign` FOREIGN KEY (`envio_id`) REFERENCES `envios` (`id`) ON DELETE CASCADE,
  ADD CONSTRAINT `detalle_envios_user_id_foreign` FOREIGN KEY (`user_id`) REFERENCES `users` (`id`) ON DELETE CASCADE;

--
-- Constraints for table `detalle_facturas`
--
ALTER TABLE `detalle_facturas`
  ADD CONSTRAINT `detalle_facturas_factura_id_foreign` FOREIGN KEY (`factura_id`) REFERENCES `facturas` (`id`) ON DELETE CASCADE,
  ADD CONSTRAINT `detalle_facturas_producto_id_foreign` FOREIGN KEY (`producto_id`) REFERENCES `productos` (`id`) ON DELETE CASCADE;

--
-- Constraints for table `documentos_facturacion_electronicas`
--
ALTER TABLE `documentos_facturacion_electronicas`
  ADD CONSTRAINT `documentos_facturacion_electronicas_empresa_id_foreign` FOREIGN KEY (`empresa_id`) REFERENCES `empresas` (`id`) ON DELETE CASCADE;

--
-- Constraints for table `envios`
--
ALTER TABLE `envios`
  ADD CONSTRAINT `envios_factura_id_foreign` FOREIGN KEY (`factura_id`) REFERENCES `facturas` (`id`) ON DELETE CASCADE;

--
-- Constraints for table `facturas`
--
ALTER TABLE `facturas`
  ADD CONSTRAINT `facturas_comprobante_id_foreign` FOREIGN KEY (`comprobante_id`) REFERENCES `comprobantes` (`id`) ON DELETE CASCADE,
  ADD CONSTRAINT `facturas_estado_compra_id_foreign` FOREIGN KEY (`estado_compra_id`) REFERENCES `estado_compras` (`id`) ON DELETE CASCADE,
  ADD CONSTRAINT `facturas_metodo_envio_id_foreign` FOREIGN KEY (`metodo_envio_id`) REFERENCES `metodo_envios` (`id`) ON DELETE CASCADE,
  ADD CONSTRAINT `facturas_modalidad_pago_id_foreign` FOREIGN KEY (`modalidad_pago_id`) REFERENCES `modalidad_pagos` (`id`) ON DELETE CASCADE,
  ADD CONSTRAINT `facturas_user_id_foreign` FOREIGN KEY (`user_id`) REFERENCES `users` (`id`) ON DELETE CASCADE;

--
-- Constraints for table `info_facturas`
--
ALTER TABLE `info_facturas`
  ADD CONSTRAINT `info_facturas_factura_id_foreign` FOREIGN KEY (`factura_id`) REFERENCES `facturas` (`id`) ON DELETE CASCADE;

--
-- Constraints for table `numeradores`
--
ALTER TABLE `numeradores`
  ADD CONSTRAINT `numeradores_comprobante_id_foreign` FOREIGN KEY (`comprobante_id`) REFERENCES `comprobantes` (`id`),
  ADD CONSTRAINT `numeradores_empresa_id_foreign` FOREIGN KEY (`empresa_id`) REFERENCES `empresas` (`id`) ON DELETE CASCADE;

--
-- Constraints for table `ofertas`
--
ALTER TABLE `ofertas`
  ADD CONSTRAINT `ofertas_producto_id_foreign` FOREIGN KEY (`producto_id`) REFERENCES `productos` (`id`) ON DELETE CASCADE;

--
-- Constraints for table `permission_role`
--
ALTER TABLE `permission_role`
  ADD CONSTRAINT `permission_role_permission_id_foreign` FOREIGN KEY (`permission_id`) REFERENCES `permissions` (`id`) ON DELETE CASCADE,
  ADD CONSTRAINT `permission_role_role_id_foreign` FOREIGN KEY (`role_id`) REFERENCES `roles` (`id`) ON DELETE CASCADE;

--
-- Constraints for table `productos`
--
ALTER TABLE `productos`
  ADD CONSTRAINT `productos_origen_id_foreign` FOREIGN KEY (`origen_id`) REFERENCES `origens` (`id`) ON DELETE CASCADE,
  ADD CONSTRAINT `productos_relaccion_id_foreign` FOREIGN KEY (`relaccion_id`) REFERENCES `relaccions` (`id`) ON DELETE CASCADE;

--
-- Constraints for table `publicados`
--
ALTER TABLE `publicados`
  ADD CONSTRAINT `publicados_producto_id_foreign` FOREIGN KEY (`producto_id`) REFERENCES `productos` (`id`) ON DELETE CASCADE;

--
-- Constraints for table `relaccions`
--
ALTER TABLE `relaccions`
  ADD CONSTRAINT `relaccions_articulo_id_foreign` FOREIGN KEY (`articulo_id`) REFERENCES `articulos` (`id`) ON DELETE CASCADE,
  ADD CONSTRAINT `relaccions_categoria_id_foreign` FOREIGN KEY (`categoria_id`) REFERENCES `categorias` (`id`) ON DELETE CASCADE,
  ADD CONSTRAINT `relaccions_color_id_foreign` FOREIGN KEY (`color_id`) REFERENCES `colors` (`id`) ON DELETE CASCADE,
  ADD CONSTRAINT `relaccions_seccion_id_foreign` FOREIGN KEY (`seccion_id`) REFERENCES `seccions` (`id`) ON DELETE CASCADE,
  ADD CONSTRAINT `relaccions_talla_id_foreign` FOREIGN KEY (`talla_id`) REFERENCES `tallas` (`id`) ON DELETE CASCADE;

--
-- Constraints for table `relaccion__imagens`
--
ALTER TABLE `relaccion__imagens`
  ADD CONSTRAINT `relaccion__imagens_imagen_id_foreign` FOREIGN KEY (`imagen_id`) REFERENCES `imagens` (`id`) ON DELETE CASCADE,
  ADD CONSTRAINT `relaccion__imagens_relaccion_id_foreign` FOREIGN KEY (`relaccion_id`) REFERENCES `relaccions` (`id`) ON DELETE CASCADE;

--
-- Constraints for table `role_user`
--
ALTER TABLE `role_user`
  ADD CONSTRAINT `role_user_role_id_foreign` FOREIGN KEY (`role_id`) REFERENCES `roles` (`id`) ON DELETE CASCADE,
  ADD CONSTRAINT `role_user_user_id_foreign` FOREIGN KEY (`user_id`) REFERENCES `users` (`id`) ON DELETE CASCADE;

--
-- Constraints for table `rutas`
--
ALTER TABLE `rutas`
  ADD CONSTRAINT `rutas_factura_id_foreign` FOREIGN KEY (`factura_id`) REFERENCES `facturas` (`id`) ON DELETE CASCADE;

--
-- Constraints for table `tallas`
--
ALTER TABLE `tallas`
  ADD CONSTRAINT `tallas_categoria_id_foreign` FOREIGN KEY (`categoria_id`) REFERENCES `categorias` (`id`) ON DELETE CASCADE,
  ADD CONSTRAINT `tallas_seccion_id_foreign` FOREIGN KEY (`seccion_id`) REFERENCES `seccions` (`id`) ON DELETE CASCADE;

--
-- Constraints for table `validar_pagos`
--
ALTER TABLE `validar_pagos`
  ADD CONSTRAINT `validar_pagos_factura_id_foreign` FOREIGN KEY (`factura_id`) REFERENCES `facturas` (`id`) ON DELETE CASCADE;
COMMIT;

/*!40101 SET CHARACTER_SET_CLIENT=@OLD_CHARACTER_SET_CLIENT */;
/*!40101 SET CHARACTER_SET_RESULTS=@OLD_CHARACTER_SET_RESULTS */;
/*!40101 SET COLLATION_CONNECTION=@OLD_COLLATION_CONNECTION */;
